file,source_family,column,numeric_count,non_empty_count,numeric_parse_pct,min,p01,p25,p50,p75,p99,max,mean
AffectedPersons__20260418_072029_UTC.csv,CBPF,Year,16,16,100.0,2026,2026,2026,2026,2026,2026,2026,2026
AffectedPersons__20260418_072029_UTC.csv,CBPF,Boys (Reached),16,16,100.0,0,0,0,0,0,12336.05,14513,907.06
AffectedPersons__20260418_072029_UTC.csv,CBPF,Boys (Targeted),16,16,100.0,50,2694.65,100228.25,390206.5,879228.75,2007398.4,2022678,594974.31
AffectedPersons__20260418_072029_UTC.csv,CBPF,Girls (Reached),16,16,100.0,0,0,0,0,0,12815.45,15077,942.31
AffectedPersons__20260418_072029_UTC.csv,CBPF,Girls (Targeted),16,16,100.0,50,4101.35,113157.75,452258,932619.25,2202412.85,2241779,637290.25
AffectedPersons__20260418_072029_UTC.csv,CBPF,Men (Reached),16,16,100.0,0,0,0,0,0,537.2,632,39.5
AffectedPersons__20260418_072029_UTC.csv,CBPF,Men (Targeted),16,16,100.0,1500,3159.6,162618.25,257001.5,643681.75,1640147.5,1751890,439408.94
AffectedPersons__20260418_072029_UTC.csv,CBPF,Women (Reached),16,16,100.0,0,0,0,0,0,1417.8,1668,104.25
AffectedPersons__20260418_072029_UTC.csv,CBPF,Women (Targeted),16,16,100.0,1500,3837.15,225848.5,435592.5,768122.75,2088121.05,2228736,579807.88
AffectedPersons__20260418_072029_UTC.csv,CBPF,Total (Reached),16,16,100.0,0,0,0,0,0,27106.5,31890,1993.12
AffectedPersons__20260418_072029_UTC.csv,CBPF,Total (Targeted),16,16,100.0,3100,13792.75,668146.25,1528429.5,2806297.5,7938079.8,8245083,2251481.38
AllocationFlow__20260418_071755_UTC.csv,CBPF,Year,198,198,100.0,2026,2026,2026,2026,2026,2026,2026,2026
AllocationFlow__20260418_071755_UTC.csv,CBPF,Direct funding,198,198,100.0,0,0,0,0,0,93145000.01,136349919.18,5946580.91
AllocationFlow__20260418_071755_UTC.csv,CBPF,Net funding,198,198,100.0,0,0,0,0,0,91062410.01,122033297.18,5946580.91
AllocationsByOrgType__20260418_071803_UTC.csv,CBPF,Year,18,18,100.0,2026,2026,2026,2026,2026,2026,2026,2026
AllocationsByOrgType__20260418_071803_UTC.csv,CBPF,Total Allocation,18,18,100.0,0,0,9792921.78,55390540.27,97149909.86,198141793.06,206500000.03,65412390.06
AllocationsByOrgType__20260418_071803_UTC.csv,CBPF,Allocation (INGO),18,18,100.0,0,0,4761376.5,14271773.3,26109851.36,84203603.41,90353000.01,20204706.06
AllocationsByOrgType__20260418_071803_UTC.csv,CBPF,Allocation (NNGO),18,18,100.0,0,0,915206.5,4850646.64,8912169.35,62174345.17,63958094.99,10677290.41
AllocationsByOrgType__20260418_071803_UTC.csv,CBPF,Allocation (Red Cross),18,18,100.0,0,0,0,0,185917.24,1514943.63,1716761,176002.17
AllocationsByOrgType__20260418_071803_UTC.csv,CBPF,Allocation (UN),18,18,100.0,0,0,24075,28302122.22,56064454.96,120667636.66,122033297.18,34354391.42
AllocationsByOrgType__20260418_071803_UTC.csv,CBPF,Reserve Allocation (INGO),18,18,100.0,0,0,4761376.5,14271773.3,26109851.36,83440070.03,90353000.01,19955185.34
AllocationsByOrgType__20260418_071803_UTC.csv,CBPF,Reserve Allocation (NNGO),18,18,100.0,0,0,915206.5,4850646.64,8912169.35,60561138.91,62014472.99,10569311.41
AllocationsByOrgType__20260418_071803_UTC.csv,CBPF,Reserve Allocation (Red Cross),18,18,100.0,0,0,0,0,109819.5,1514943.63,1716761,164942.11
AllocationsByOrgType__20260418_071803_UTC.csv,CBPF,Reserve Allocation (UN),18,18,100.0,0,0,24075,28302122.22,56064454.96,120667636.66,122033297.18,34354391.42
AllocationsByOrgType__20260418_071803_UTC.csv,CBPF,Standard Allocation (INGO),18,18,100.0,0,0,0,0,0,3727839.48,4491372.87,249520.71
AllocationsByOrgType__20260418_071803_UTC.csv,CBPF,Standard Allocation (NNGO),18,18,100.0,0,0,0,0,0,1613206.26,1943622,107979
AllocationsByOrgType__20260418_071803_UTC.csv,CBPF,Standard Allocation (Red Cross),18,18,100.0,0,0,0,0,0,165237.22,199080.99,11060.06
AllocationsByOrgType__20260418_071803_UTC.csv,CBPF,Standard Allocation (UN),18,18,100.0,0,0,0,0,0,0,0,0
AllocationsByOrgType__20260418_071803_UTC.csv,CBPF,Total Reserve Allocation,18,18,100.0,0,0,9792921.78,55390540.27,97149909.86,197014000.16,206500000.03,65043830.29
AllocationsByOrgType__20260418_071803_UTC.csv,CBPF,Total Standard Allocation,18,18,100.0,0,0,0,0,0,5506282.96,6634075.86,368559.77
AllocationsByOrgType__20260418_071803_UTC.csv,CBPF,Total Under Approval Allocation,18,18,100.0,0,0,1775000,5749962.79,71446247.8,116410700.41,117900000,33077253.81
AllocationsByOrgType__20260418_071803_UTC.csv,CBPF,Under Approval Allocation (INGO),18,18,100.0,0,0,0,2971759.19,17330415.27,53077591.65,53651929,11211833.31
AllocationsByOrgType__20260418_071803_UTC.csv,CBPF,Under Approval Allocation (NNGO),18,18,100.0,0,0,105140.25,1576247.38,5037674.85,48433029.58,56507952.28,5631398.59
AllocationsByOrgType__20260418_071803_UTC.csv,CBPF,Under Approval Allocation (Red),18,18,100.0,0,0,0,0,0,0,0,0
AllocationsByOrgType__20260418_071803_UTC.csv,CBPF,Under Approval Allocation (UN),18,18,100.0,0,0,0,0,22132973.48,79017609.29,82469889.18,16187661.18
AllocationsTimeline__20260418_071808_UTC.csv,CBPF,TotalProjectsunderApproval,49,49,100.0,0,0,0,0,4,27.12,30,3.29
AllocationsTimeline__20260418_071808_UTC.csv,CBPF,TotalUnderApprovalBudget,49,49,100.0,0,0,0,0,5000000,113694912,117900000,12781399.38
AllocationsTimeline__20260418_071808_UTC.csv,CBPF,TotalProjectsApproved,49,49,100.0,0,0,0,5,14,35.24,41,8.92
AllocationsTimeline__20260418_071808_UTC.csv,CBPF,TotalApprovedBudget,49,49,100.0,0,0,0,7100000,22399140,173476000,194500000,27014242.3
AllocationsTimeline__20260418_071808_UTC.csv,CBPF,AllocationTypeId,49,49,100.0,62,63.92,1520,1554,1573,1599.52,1600,1402.84
AllocationsTimeline__20260418_071808_UTC.csv,CBPF,AllocationSourceId,49,49,100.0,1,1,1,1,1,2,2,1.14
AllocationsTimeline__20260418_071808_UTC.csv,CBPF,FundTypeId,49,49,100.0,1,1,1,1,1,1,1,1
AllocationsTimeline__20260418_071808_UTC.csv,CBPF,Total,49,49,100.0,100000,172000,3000000,12000000,77800000,176336000,200000000,44401187.76
Allocations__20260418_071733_UTC.csv,CBPF,Year,33,33,100.0,2026,2026,2026,2026,2026,2026,2026,2026
Allocations__20260418_071733_UTC.csv,CBPF,Budget,33,33,100.0,100000,180000,4000000,50000000,100000000,184224000,200000000,60559339.39
CBPFcontributions__20260418_071813_UTC.csv,CBPF,IsTransfer,145,145,100.0,0,0,0,0,0,0,0,0
CBPFcontributions__20260418_071813_UTC.csv,CBPF,Year,145,145,100.0,2026,2026,2026,2026,2026,2026,2026,2026
CBPFcontributions__20260418_071813_UTC.csv,CBPF,Paid Amount,145,145,100.0,0,0,0,846354.17,3567181.93,152800000,200000000,14927046.67
CBPFcontributions__20260418_071813_UTC.csv,CBPF,Pledged Amount,145,145,100.0,0,0,0,0,500000,7821060.35,9976525.82,708883.39
CBPFcontributions__20260418_071813_UTC.csv,CBPF,Total Contributions,145,145,100.0,300,10000,546642.9,2378121.28,4613583.14,152800000,200000000,15635930.06
CBPFcontributions__20260418_071813_UTC.csv,CBPF,Exchange Rate,145,145,100.0,0,0,0,0.8,1,9.38,9.43,1.66
CBPFcontributions__20260418_071813_UTC.csv,CBPF,Paid Amount (Local Currency),145,145,100.0,0,0,0,650000,16999723.93,152800000,200000000,18337892.45
CBPFcontributions__20260418_071813_UTC.csv,CBPF,Pledged Amount (Local Currency),145,145,100.0,0,0,0,0,500000,9340000,15000000,824206.9
CBPFcontributions__20260418_071813_UTC.csv,CBPF,Total Contributions (Local Currency),145,145,100.0,300,10000,500000,3000000,16999723.93,152800000,200000000,19162099.35
ContributionTrends__20260418_071819_UTC.csv,CBPF,Year,381,381,100.0,1999,2001.8,2012,2018,2023,2027,2028,2017.32
ContributionTrends__20260418_071819_UTC.csv,CBPF,Paid Amount,381,381,100.0,0,0,4928879.9,22247079.29,58974936.93,223661801.1,326995744.92,40380507.46
ContributionTrends__20260418_071819_UTC.csv,CBPF,Pledged Amount,381,381,100.0,0,0,0,0,0,7292049.02,17835202.29,292627
ContributionTrends__20260418_071819_UTC.csv,CBPF,Total Contributions,381,381,100.0,65,222651,5304236.58,22761469.3,58974936.93,233640529.32,326995744.92,40673134.46
ContributionsFlow__20260418_071825_UTC.csv,CBPF,IsTransfer,145,145,100.0,0,0,0,0,0,0,0,0
ContributionsFlow__20260418_071825_UTC.csv,CBPF,Year,145,145,100.0,2026,2026,2026,2026,2026,2026,2026,2026
ContributionsFlow__20260418_071825_UTC.csv,CBPF,Paid Amount,145,145,100.0,0,0,0,846354.17,3567181.93,152800000,200000000,14927046.67
ContributionsFlow__20260418_071825_UTC.csv,CBPF,Pledged Amount,145,145,100.0,0,0,0,0,500000,7821060.35,9976525.82,708883.39
ContributionsFlow__20260418_071825_UTC.csv,CBPF,Total Contributions,145,145,100.0,300,10000,546642.9,2378121.28,4613583.14,152800000,200000000,15635930.06
ContributionsFlow__20260418_071825_UTC.csv,CBPF,Exchange Rate,145,145,100.0,0,0,0,0.8,1,9.38,9.43,1.66
ContributionsFlow__20260418_071825_UTC.csv,CBPF,Paid Amount (Local Currency),145,145,100.0,0,0,0,650000,16999723.93,152800000,200000000,18337892.45
ContributionsFlow__20260418_071825_UTC.csv,CBPF,Pledged Amount (Local Currency),145,145,100.0,0,0,0,0,500000,9340000,15000000,824206.9
ContributionsFlow__20260418_071825_UTC.csv,CBPF,Total Contributions (Local Currency),145,145,100.0,300,10000,500000,3000000,16999723.93,152800000,200000000,19162099.35
GenderAgeMarker__20260418_072032_UTC.csv,CBPF,PooledFundId,35,35,100.0,15,15,23,59,84.5,511.66,512,78.49
GenderAgeMarker__20260418_072032_UTC.csv,CBPF,AllocationYear,35,35,100.0,2026,2026,2026,2026,2026,2026,2026,2026
GenderAgeMarker__20260418_072032_UTC.csv,CBPF,GenderMarkerCode,35,35,100.0,0,0,2,3,4,4,4,2.83
GenderAgeMarker__20260418_072032_UTC.csv,CBPF,TotalProjects,35,35,100.0,1,1,1,2,11,17.66,18,5.37
GenderAgeMarker__20260418_072032_UTC.csv,CBPF,TotalBeneficiaries,35,35,100.0,1000,1194.14,75683.5,502500,1148603,5328209.48,5695895,1018848.63
GenderAgeMarker__20260418_072032_UTC.csv,CBPF,TotalBudget,35,35,100.0,199080.99,233393.45,2507709.46,11501750,43295012.76,163645898.53,167000000.01,32926372.03
SectorsOverview__20260418_071833_UTC.csv,CBPF,Year,97,97,100.0,2026,2026,2026,2026,2026,2026,2026,2026
SectorsOverview__20260418_071833_UTC.csv,CBPF,Total Allocations,97,97,100.0,96300,106555.02,2303929.86,6819138.34,15775000,93758325.81,94080000,12138381.66
SectorsOverview__20260418_071833_UTC.csv,CBPF,Targeted People,97,97,100.0,1000,1088.32,76748,186531,520100,2116334.36,2272319,371376.76
SectorsOverview__20260418_071833_UTC.csv,CBPF,Reached People,97,97,100.0,0,0,0,0,0,11173.8,11769,328.73
cod_population_admin0.csv,COD-PS,Age_min,6315,6315,100.0,0,0,20,40,60,95,100,40.19
cod_population_admin0.csv,COD-PS,Age_max,5944,5944,100.0,0,4,19,39,59.25,94,99,41.74
cod_population_admin0.csv,COD-PS,Population,6722,6722,100.0,0,64.21,15115,159803.5,935322.5,26627253.77,269603430,1834614.5
cod_population_admin0.csv,COD-PS,Reference_year,6722,6722,100.0,2001,2010,2020,2022,2023,2025,2025,2020.85
cod_population_admin1.csv,COD-PS,Age_min,85961,85961,100.0,0,0,20,40,65,95,100,41.18
cod_population_admin1.csv,COD-PS,Age_max,81054,81054,100.0,0,4,19,44,64,94,99,42.74
cod_population_admin1.csv,COD-PS,Population,91471,91471,100.0,0,64,4817.5,19943,69615,1986572,110012442,135662.76
cod_population_admin1.csv,COD-PS,Reference_year,91471,91471,100.0,2001,2010,2021,2022,2024,2025,2025,2021.47
cod_population_admin2.csv,COD-PS,Age_min,945164,945164,100.0,0,0,20,45,65,100,100,44.52
cod_population_admin2.csv,COD-PS,Age_max,894836,894836,100.0,0,4,24,44,69,99,99,46.05
cod_population_admin2.csv,COD-PS,Population,1001583,1001583,100.0,0,1,183,683,2733,142539.52,18113283,9046.13
cod_population_admin2.csv,COD-PS,Reference_year,1001583,1001583,100.0,2001,2011,2022,2022,2024,2025,2025,2022.34
cod_population_admin3.csv,COD-PS,Age_min,221185,221185,100.0,0,0,15,35,60,80,95,37.68
cod_population_admin3.csv,COD-PS,Age_max,207944,207944,100.0,4,4,19,39,59,79,94,39.16
cod_population_admin3.csv,COD-PS,Population,241962,241962,100.0,0,3,200,1033,4664.75,111586.55,6791708,7408.11
cod_population_admin3.csv,COD-PS,Reference_year,241962,241962,100.0,2011,2017,2022,2022,2023,2024,2024,2021.99
cod_population_admin4.csv,COD-PS,Population,17465,17465,100.0,79,255,712,1124,1716,8687.88,35286,1528.55
cod_population_admin4.csv,COD-PS,Reference_year,17465,17465,100.0,2018,2018,2018,2018,2018,2018,2018,2018
fts_incoming_funding_global.csv,FTS,budgetYear,7346,7346,100.0,1980,2022,2025,2025,2026,2026,2026,2025.07
fts_incoming_funding_global.csv,FTS,amountUSD,7990,7990,100.0,-7195148,0,43729,205430.5,764165.75,44521189.35,326271300,1713017.56
fts_incoming_funding_global.csv,FTS,srcUsageYearStart,7990,7990,100.0,2020,2023,2025,2025,2026,2026,2026,2025.24
fts_incoming_funding_global.csv,FTS,srcUsageYearEnd,7990,7990,100.0,2020,2023,2025,2025,2026,2026,2030,2025.26
fts_incoming_funding_global.csv,FTS,destPlanId,5018,5018,100.0,1498,1498,1506,1512,1518,1568,1603,1514.7
fts_incoming_funding_global.csv,FTS,destUsageYearStart,7990,7990,100.0,2021,2023,2026,2026,2026,2026,2026,2025.9
fts_incoming_funding_global.csv,FTS,destUsageYearEnd,7990,7990,100.0,2026,2026,2026,2026,2026,2027,2030,2026.02
fts_incoming_funding_global.csv,FTS,originalAmount,6641,6641,100.0,-11930467,0,44533,207000,900000,2612082750,18000000000,96148748.01
fts_incoming_funding_global.csv,FTS,exchangeRate,6641,6641,100.0,0.3025,0.303,0.856,0.894,0.998,150,1429.59,9.17
fts_incoming_funding_global.csv,FTS,id,7990,7990,100.0,218966,294541.89,354199.25,373264.5,382047.5,385852,385905,364306.14
fts_internal_funding_global.csv,FTS,budgetYear,661,661,100.0,2024,2025,2026,2026,2026,2026,2026,2025.92
fts_internal_funding_global.csv,FTS,amountUSD,675,675,100.0,0,0,34991,300780,1118750.5,15358700.5,78267183,1353941.16
fts_internal_funding_global.csv,FTS,srcUsageYearStart,675,675,100.0,2026,2026,2026,2026,2026,2026,2026,2026
fts_internal_funding_global.csv,FTS,srcUsageYearEnd,675,675,100.0,2026,2026,2026,2026,2026,2026,2026,2026
fts_internal_funding_global.csv,FTS,destPlanId,665,665,100.0,1499,1501,1506,1514,1518,1568,1568,1516.46
fts_internal_funding_global.csv,FTS,destUsageYearStart,675,675,100.0,2026,2026,2026,2026,2026,2026,2026,2026
fts_internal_funding_global.csv,FTS,destUsageYearEnd,675,675,100.0,2026,2026,2026,2026,2026,2026,2026,2026
fts_internal_funding_global.csv,FTS,originalAmount,27,27,100.0,100000,103780.4,343553.5,1000000,3836742.5,472310951.98,583211827,36389237.48
fts_internal_funding_global.csv,FTS,exchangeRate,27,27,100.0,0.741,0.7448,0.8543,0.863,16.78,3156.94,4045,189.63
fts_internal_funding_global.csv,FTS,id,675,675,100.0,334352,363833.7,383295.5,383833,384285.5,385839.26,385894,383260.31
fts_outgoing_funding_global.csv,FTS,budgetYear,2995,2995,100.0,2006,2022,2025,2026,2026,2026,2026,2025.38
fts_outgoing_funding_global.csv,FTS,amountUSD,3199,3199,100.0,-37444934,0,51489,251596,963317,52398462.24,326914977,2355461.74
fts_outgoing_funding_global.csv,FTS,srcUsageYearStart,3199,3199,100.0,2021,2024,2026,2026,2026,2026,2026,2025.95
fts_outgoing_funding_global.csv,FTS,srcUsageYearEnd,3199,3199,100.0,2026,2026,2026,2026,2026,2026,2030,2026
fts_outgoing_funding_global.csv,FTS,destPlanId,1771,1771,100.0,1212,1498,1508,1514,1520,1568,1603,1516.34
fts_outgoing_funding_global.csv,FTS,destUsageYearStart,3199,3199,100.0,2021,2024,2026,2026,2026,2027,2027,2025.96
fts_outgoing_funding_global.csv,FTS,destUsageYearEnd,3199,3199,100.0,2022,2026,2026,2026,2026,2027,2030,2026.02
fts_outgoing_funding_global.csv,FTS,originalAmount,2890,2890,100.0,-34000000,0,65000,360431.5,1500000,468850000,18000000000,35070308.06
fts_outgoing_funding_global.csv,FTS,exchangeRate,2889,2889,100.0,0.3025,0.303,0.8,0.933,3.65,153.16,1429.59,8.6
fts_outgoing_funding_global.csv,FTS,id,3199,3199,100.0,256541,299251.92,377571.5,380668,384519.5,385729.02,385905,373682.72
fts_requirements_funding_cluster_global.csv,FTS,id,8030,8030,100.0,34,80,391.25,655,1089.5,1523.42,1603,736.68
fts_requirements_funding_cluster_global.csv,FTS,year,8030,8030,100.0,2000,2002,2012,2018,2022,2026,2026,2017.02
fts_requirements_funding_cluster_global.csv,FTS,clusterCode,6400,6400,100.0,113,176.99,2011.75,4398.5,6633.25,8896.02,8996,4387.12
fts_requirements_funding_cluster_global.csv,FTS,requirements,6301,6301,100.0,0,100000,5024115,20234348,60427957,651459552,2997000000,65345335.89
fts_requirements_funding_cluster_global.csv,FTS,funding,7454,7454,100.0,-982300072,0,1452602.5,7554034.5,27071090.75,378120175.62,2019776857,33004224.44
fts_requirements_funding_cluster_global.csv,FTS,percentFunded,5773,5773,100.0,0,0,21,39,65,272.84,8582,54.52
fts_requirements_funding_covid_global.csv,FTS,id,152,152,100.0,830,831.51,944,1005.5,1041.25,1101.49,1104,996.03
fts_requirements_funding_covid_global.csv,FTS,typeId,152,152,100.0,4,4,4,5,111,111,111,37.49
fts_requirements_funding_covid_global.csv,FTS,year,152,152,100.0,2020,2020,2020,2020,2021,2022,2022,2020.65
fts_requirements_funding_covid_global.csv,FTS,requirements,137,137,100.0,2842779,4642283.72,113799273,283920647,943123350,4388294996.8,4444280227,754837090.14
fts_requirements_funding_covid_global.csv,FTS,funding,152,152,100.0,250000,717158.73,20935378,119917131.5,398596653.25,2838075247.71,3765217036,389637668.86
fts_requirements_funding_covid_global.csv,FTS,covidFunding,152,152,100.0,164634,202356.73,1527860.75,6061088.5,27061245.75,192618978.09,281486805,23524331.58
fts_requirements_funding_covid_global.csv,FTS,covidPercentageOfFunding,152,152,100.0,0,0,1.75,8,33,100,100,26.31
fts_requirements_funding_global.csv,FTS,id,1251,1251,100.0,34,49.5,322.5,662,1114.5,1527,1603,717.8
fts_requirements_funding_global.csv,FTS,typeId,1251,1251,100.0,4,4,5,110,111,2170,2170,343.78
fts_requirements_funding_global.csv,FTS,year,3805,3805,100.0,1999,2000,2009,2016,2022,2028,2031,2015.44
fts_requirements_funding_global.csv,FTS,requirements,1198,1198,100.0,0,1159504.64,33687130,137254430.5,488275501.75,3996898277,5413802598,442207997.07
fts_requirements_funding_global.csv,FTS,funding,3781,3781,100.0,-349234272,16986.4,3038750,15938844,76574258,1448805842.8,3765217036,110709272.79
fts_requirements_funding_global.csv,FTS,percentFunded,1182,1182,100.0,0,2,30,50,68.75,204.8,1364,54.13
fts_requirements_funding_globalcluster_global.csv,FTS,id,10630,10630,100.0,34,45,309.25,609.5,1095,1524,1603,690.79
fts_requirements_funding_globalcluster_global.csv,FTS,year,10630,10630,100.0,2000,2000,2009,2017,2022,2026,2026,2015.7
fts_requirements_funding_globalcluster_global.csv,FTS,clusterCode,9000,9000,100.0,1,1,6,10,15,26512,26546,5709.98
fts_requirements_funding_globalcluster_global.csv,FTS,requirements,8192,8192,100.0,0,66437.8,3626125,14242830,46293242.25,601325679.93,2997000000,53066965.05
fts_requirements_funding_globalcluster_global.csv,FTS,funding,9626,9626,100.0,-18438625,0,917599.5,4760935,20195102.25,317103186.5,1637669231,25557792.42
fts_requirements_funding_globalcluster_global.csv,FTS,percentFunded,7347,7347,100.0,0,0,20,39,67,277.16,17851,57.9
hpc_hno_2024.csv,HNO,Population,10890,10890,100.0,1,68,7172,29510.5,97910.75,2714165.48,223800000,282134.22
hpc_hno_2024.csv,HNO,In Need,381314,381314,100.0,-12037,2,166,1431.86,7517,226073.88,25397896,25189.08
hpc_hno_2024.csv,HNO,Targeted,318244,318244,100.0,-7222,1,88,653,3572,141088.41,17327995,13954.71
hpc_hno_2024.csv,HNO,Affected,3996,3996,100.0,1,48.9,6239.5,25762.5,64157.75,1006147.6,28928873,147486.01
hpc_hno_2024.csv,HNO,Reached,511,511,100.0,103,158.4,1204.5,2686,6742,6890000,18400000,226193.97
hpc_hno_2025.csv,HNO,Population,30898,30898,100.0,1,4,1095,10903.5,53532,985209.76,229200000,134314.93
hpc_hno_2025.csv,HNO,In Need,310199,310199,100.0,-33929,2,239,2247,11061.85,274306.6,30440770,28801.67
hpc_hno_2025.csv,HNO,Targeted,269281,269281,100.0,0.122,1,90,791,4702,149762.8,20934770,14431.53
hpc_hno_2025.csv,HNO,Affected,3232,3232,100.0,1,3,12683.25,65806,127651.14,999375.49,70952176.57,190125.11
hpc_hno_2025.csv,HNO,Reached,22,22,100.0,41000,60110,855717.5,1800000,3600000,20312000,20900000,3727604.09
hpc_hno_2026.csv,HNO,Population,20,20,100.0,6567382,7580494.87,23325000,29200000,49371724,213807000,237500000,45261296.6
hpc_hno_2026.csv,HNO,In Need,128,128,100.0,73000,262178.05,1352850,3233415.5,5902680.25,22773106.41,33699770,4712172.73
hpc_hno_2026.csv,HNO,Targeted,134,134,100.0,33445,49838.53,587902.75,1236533,2338856.25,15642204.46,20419163,2097727.96
humanitarian-response-plans.csv,HRP,internalId,910,910,100.0,1,20.09,470.25,1005.5,5718.75,8299.46,8324,2903.43
humanitarian-response-plans.csv,HRP,years,910,910,100.0,2000,2000,2008,2016,2021,2026,2026,2014.54
humanitarian-response-plans.csv,HRP,origRequirements,910,910,100.0,0,0,46969825.25,186151881,574566202.75,4550341495.98,6080899576,522449664.46
humanitarian-response-plans.csv,HRP,revisedRequirements,910,910,100.0,0,2623524.05,64232949,236387643,678494733.25,4681888552.45,6080899576,606642235.42
