General Information ;;;I. INFORM Risk;;II. Global Crisis Severity Index;;III. Multi-Indicator Component;;;;;;;;;;;;;;; CIRV ;;
;;;INFORM score;CERF-INFORM GRI score; GSCI ;CERF-INFORM GCSI score; A. IASC Early Warning, Early Action & Readiness Report;;;B. Food Insecurity;;;;;;;;C. Conflict;;;E. CERF- Multi-Indicator Consolidated;;;
Country ;ISO3 Country Code;Country with FTS-tracked HNRP or equivalent plan/appeal ;;;;;IASC Early Warning - Seriousness;IASC Early Warning - Type;IASC Early Warning - Score;FEWSNet Food Assistance Outlook Brief (projected IPC data not available);Global Report on Food Crises 2025 (0-5);Global Report on Food Crises (time period);IPC Classification;FAO Crop Prospects and Food Situation (July 2025);FAO Crop Prospects and Food Situation (July 2025);State of Food Insecurity Report - Prevalence of moderate or severe food insecurity 2025 (0-100);CERF Food Insecurity;CERF Change of Conflict;ACLED Fatalities last year;CERF - Conflict consolidated;; CIRV - CERF Index for Risk and Vulnerability (without Inform Severity) ; CIRV (Incl Inform Severity) ; CIRV (Adjusted) 
TEST;TEST;Yes; 10,0 ; 100 ;5,00; 100 ;;;;5;5;TEST;5;2;TEST;100;100;100,00;100,00;100,00;100 ; 100,00 ; 100,00 ; 100 
Afghanistan;AFG;Yes; 7,8 ; 78 ;4,50; 90 ;High;Drought;67;0;4;0;4;2;Localized;80,8;84;8,33;1,29;4,81;52 ; 65,00 ; 73,33 ; 73 
Albania;ALB;; 2,9 ; 29 ;;;;;;0;0;0;0;0;0;33;7;0,00;0,00;0,00;2 ; 15,60 ; 10,40 ; 16 
Algeria;DZA;; 3,5 ; 35 ;2,50; 50 ;;;;0;0;0;0;0;0;17,6;4;8,33;0,04;4,19;3 ; 18,78 ; 29,19 ; 29 
Angola;AGO;; 5,5 ; 55 ;3,20; 64 ;;;;0;3;0;3;0;0;0;36;0,00;0,22;0,11;12 ; 33,52 ; 43,68 ; 44 
Antigua and Barbuda;ATG;; 2,0 ; 20 ;;;;;;0;0;0;0;0;0;13,5;3;0,00;0,00;0,00;1 ; 10,45 ; 6,97 ; 10 
Argentina;ARG;; 3,0 ; 30 ;;;;;;0;0;0;0;0;0;33,8;7;0,00;0,00;0,00;2 ; 16,13 ; 10,75 ; 16 
Armenia;ARM;; 3,1 ; 31 ;;;;;;0;0;0;0;0;0;7,8;2;0,00;0,00;0,00;1 ; 15,76 ; 10,51 ; 16 
Azerbaijan;AZE;; 4,4 ; 44 ;;;;;;0;0;0;0;0;0;14;3;0,00;0,01;0,01;1 ; 22,47 ; 14,98 ; 22 
Bahamas;BHS;; 2,3 ; 23 ;;;;;;0;0;0;0;0;0;0;0;0,00;0,00;0,00;0 ; 11,50 ; 7,67 ; 12 
Bahrain;BHR;; 1,8 ; 18 ;;;;;;0;0;0;0;0;0;0;0;0,00;0,00;0,00;0 ; 9,00 ; 6,00 ; 9 
Bangladesh;BGD;Yes; 6,0 ; 60 ;3,30; 66 ;High;Displacements from conflict in Myanmar;67;0;4;0;4;2;Localized;0;68;8,33;0,46;4,40;46 ; 53,23 ; 57,49 ; 57 
Barbados;BRB;; 2,1 ; 21 ;;;;;;0;0;0;0;0;0;0;0;0,00;0,00;0,00;0 ; 10,50 ; 7,00 ; 11 
Belarus;BLR;; 2,6 ; 26 ;1,70; 34 ;;;;0;0;0;0;0;0;1,1;0;0,00;0,00;0,00;0 ; 13,04 ; 20,02 ; 20 
Belize;BLZ;; 3,6 ; 36 ;;;;;;0;0;0;0;0;0;0;0;0,00;0,03;0,02;0 ; 18,00 ; 12,00 ; 18 
Benin;BEN;; 5,3 ; 53 ;2,30; 46 ;;;;0;4;0;4;0;0;65,6;61;0,00;0,57;0,29;20 ; 36,73 ; 39,82 ; 40 
Bhutan;BTN;; 2,9 ; 29 ;;;;;;0;0;0;0;0;0;0;0;0,00;0,00;0,00;0 ; 14,50 ; 9,67 ; 15 
Bolivia;BOL;; 4,2 ; 42 ;2,90; 58 ;;;;0;0;0;0;0;0;0;0;8,33;0,03;4,18;1 ; 21,70 ; 33,80 ; 34 
Bosnia and Herzegovina;BIH;; 3,5 ; 35 ;;;;;;0;0;0;0;0;0;9,9;2;8,33;0,00;4,17;2 ; 18,52 ; 12,35 ; 19 
Botswana;BWA;; 3,0 ; 30 ;;;;;;0;0;0;0;0;0;53,9;11;0,00;0,01;0,01;4 ; 16,80 ; 11,20 ; 17 
Brazil;BRA;; 5,2 ; 52 ;2,50; 50 ;;;;0;0;0;0;0;0;13,5;3;0,00;8,90;4,45;2 ; 27,19 ; 34,79 ; 35 
Brunei Darussalam;BRN;; 2,3 ; 23 ;;;;;;0;0;0;0;0;0;0;0;0,00;0,00;0,00;0 ; 11,50 ; 7,67 ; 12 
Burkina Faso;BFA;Yes; 7,5 ; 75 ;4,10; 82 ;High;Regional instability;67;0;4;0;4;2;Localized;41,4;76;16,67;6,82;11,74;52 ; 63,34 ; 69,56 ; 70 
Burundi;BDI;; 5,9 ; 59 ;3,30; 66 ;;;;0;4;0;4;2;Access;70,8;82;0,00;0,27;0,14;27 ; 43,22 ; 50,81 ; 51 
Cabo Verde;CPV;; 2,2 ; 22 ;;;;;;0;0;0;0;0;0;32,1;6;0,00;0,00;0,00;2 ; 12,07 ; 8,05 ; 12 
Cambodia;KHM;; 4,5 ; 45 ;;;;;;0;0;0;0;0;0;40;8;0,00;0,00;0,00;3 ; 23,83 ; 15,89 ; 24 
Cameroon;CMR;Yes; 6,8 ; 68 ;3,70; 74 ;;;;0;4;0;4;2;Localized;61,2;80;0,00;1,41;0,71;27 ; 47,49 ; 56,33 ; 56 
Central African Republic;CAF;Yes; 8,1 ; 81 ;4,00; 80 ;;;;0;4;0;4;2;Access;0;68;8,33;1,03;4,68;24 ; 52,61 ; 61,74 ; 62 
Chad;TCD;Yes; 8,0 ; 80 ;4,00; 80 ;Moderate;Political tensions and violence;33;0;4;0;4;2;Access;66,3;81;8,33;0,52;4,43;40 ; 59,78 ; 66,52 ; 67 
Chile;CHL;; 3,2 ; 32 ;2,60; 52 ;;;;0;0;0;0;0;0;19,2;4;0,00;0,03;0,02;1 ; 16,64 ; 28,43 ; 28 
China;CHN;; 3,0 ; 30 ;;;;;;0;0;0;0;0;0;0;0;0,00;0,00;0,00;0 ; 15,00 ; 10,00 ; 15 
Colombia;COL;Yes; 5,3 ; 53 ;4,00; 80 ;Moderate;Economic instability;33;0;0;0;0;0;0;27,8;6;0,00;2,73;1,37;13 ; 33,15 ; 48,77 ; 49 
Comoros;COM;; 3,3 ; 33 ;;;;;;0;0;0;0;0;0;79,7;16;0,00;0,00;0,00;5 ; 19,16 ; 12,77 ; 19 
Congo;COG;; 5,0 ; 50 ;;;;;;0;0;0;0;0;0;0;0;0,00;0,02;0,01;0 ; 25,00 ; 16,67 ; 25 
Congo DR;COD;Yes; 8,1 ; 81 ;4,50; 90 ;High;Conflict and displacement;67;0;4;0;4;2;Access;81,5;84;8,33;7,66;8,00;53 ; 67,05 ; 74,70 ; 75 
Costa Rica;CRI;; 3,3 ; 33 ;2,00; 40 ;;;;0;0;0;0;0;0;15,4;3;0,00;0,01;0,01;1 ; 17,01 ; 24,68 ; 25 
Côte d'Ivoire;CIV;; 4,9 ; 49 ;2,10; 42 ;;;;0;3;0;3;0;0;38,4;44;8,33;0,00;4,17;16 ; 32,47 ; 35,65 ; 36 
Cuba;CUB;; 3,3 ; 33 ;;;High;Hurricanes;67;0;0;0;0;0;0;0;0;0,00;0,01;0,01;22 ; 27,67 ; 18,45 ; 28 
Djibouti;DJI;; 5,0 ; 50 ;2,50; 50 ;;;;0;4;0;4;2;Access;49,2;78;0,00;0,07;0,04;26 ; 37,98 ; 41,99 ; 42 
Dominica;DMA;; 2,8 ; 28 ;;;;;;0;0;0;0;0;0;0;0;0,00;0,00;0,00;0 ; 14,00 ; 9,33 ; 14 
Dominican Republic;DOM;; 4,3 ; 43 ;2,00; 40 ;;;;0;4;0;4;0;0;43,8;57;0,00;0,03;0,02;19 ; 30,96 ; 33,98 ; 34 
Ecuador;ECU;; 5,4 ; 54 ;3,30; 66 ;;;;0;0;0;0;0;0;33,3;7;0,00;4,68;2,34;3 ; 28,50 ; 41,00 ; 41 
Egypt;EGY;; 4,3 ; 43 ;2,20; 44 ;High;Economic deterioration;67;0;0;0;0;0;0;30,8;6;0,00;0,05;0,03;24 ; 33,70 ; 37,13 ; 37 
El Salvador;SLV;Yes; 4,0 ; 40 ;2,90; 58 ;;;;0;2;0;2;0;0;45,5;33;8,33;0,01;4,17;12 ; 26,21 ; 36,81 ; 37 
Equatorial Guinea;GNQ;; 3,4 ; 34 ;;;;;;0;0;0;0;0;0;0;0;0,00;0,00;0,00;0 ; 17,00 ; 11,33 ; 17 
Eritrea;ERI;; 4,8 ; 48 ;3,00; 60 ;;;;0;0;0;0;0;0;0;0;0,00;0,00;0,00;0 ; 24,00 ; 36,00 ; 36 
Eswatini;SWZ;; 3,5 ; 35 ;2,30; 46 ;;;;0;4;0;4;2;Localized;59;80;0,00;0,01;0,01;27 ; 30,80 ; 35,87 ; 36 
Ethiopia;ETH;Yes; 7,1 ; 71 ;4,10; 82 ;High;Increased insecurity and influx;67;0;3;0;3;2;Access;61,4;68;0,00;7,59;3,80;46 ; 58,68 ; 66,45 ; 66 
Fiji;FJI;; 3,3 ; 33 ;;;;;;0;0;0;0;0;0;0;0;0,00;0,00;0,00;0 ; 16,50 ; 11,00 ; 17 
Gabon;GAB;; 4,0 ; 40 ;;;;;;0;0;0;0;0;0;0;0;0,00;0,00;0,00;0 ; 20,00 ; 13,33 ; 20 
Gambia;GMB;; 4,2 ; 42 ;;;;;;0;0;0;0;0;0;54,8;11;0,00;0,00;0,00;4 ; 22,83 ; 15,22 ; 23 
Georgia;GEO;; 3,4 ; 34 ;;;;;;0;0;0;0;0;0;26,6;5;0,00;0,00;0,00;2 ; 17,89 ; 11,92 ; 18 
Ghana;GHA;; 4,0 ; 40 ;2,40; 48 ;;;;0;0;0;0;0;0;44,5;9;0,00;0,34;0,17;3 ; 21,51 ; 30,34 ; 30 
Guatemala;GTM;Yes; 5,3 ; 53 ;3,30; 66 ;;;;0;4;0;4;0;0;48,8;58;0,00;0,55;0,28;19 ; 36,17 ; 46,12 ; 46 
Guinea;GIN;; 4,9 ; 49 ;;;;;;0;4;0;4;2;Localized;0;68;8,33;0,03;4,18;24 ; 36,53 ; 24,35 ; 37 
Guinea-Bissau;GNB;; 4,3 ; 43 ;;;;;;0;4;0;4;0;0;0;48;0,00;0,00;0,00;16 ; 29,50 ; 19,67 ; 30 
Guyana;GUY;; 3,9 ; 39 ;;;;;;0;0;0;0;0;0;25,5;5;0,00;0,01;0,01;2 ; 20,35 ; 13,57 ; 20 
Haiti;HTI;Yes; 7,2 ; 72 ;4,50; 90 ;High;Hurricane season;67;0;4;0;4;2;Access;83,2;85;0,00;4,68;2,34;51 ; 61,66 ; 71,11 ; 71 
Honduras;HND;Yes; 5,8 ; 58 ;3,40; 68 ;;;;0;4;0;4;0;0;41,3;56;0,00;0,63;0,32;19 ; 38,43 ; 48,29 ; 48 
India;IND;; 5,5 ; 55 ;2,40; 48 ;High;Displacements from conflict in Myanmar;67,0;0;0;0;0;0;0;0;0;0,00;1,53;0,77;23 ; 38,79 ;41,86; 42 
Indonesia;IDN;; 4,5 ; 45 ;2,50; 50 ;;;;0;0;0;0;0;0;4,5;1;16,67;0,30;8,48;3 ; 24,06 ; 32,71 ; 33 
Iran;IRN;; 6,0 ; 60 ;3,90; 78 ;;;;0;0;0;0;0;0;38,8;8;0,00;0,96;0,48;3 ; 31,37 ; 46,92 ; 47 
Iraq;IRQ;; 5,8 ; 58 ;3,40; 68 ;;;;0;0;0;0;0;0;0;0;0,00;0,90;0,45;0 ; 29,08 ; 42,05 ; 42 
Israel;ISR;; 3,2 ; 32 ;;;;;;0;0;0;0;0;0;9,2;2;0,00;0,11;0,06;1 ; 16,32 ; 10,88 ; 16 
Jamaica;JAM;; 3,1 ; 31 ;;;;;;0;0;0;0;0;0;56,4;11;0,00;0,35;0,18;4 ; 17,41 ; 11,61 ; 17 
Jordan;JOR;; 4,0 ; 40 ;3,00; 60 ;;;;0;0;0;0;0;0;0;0;0,00;0,00;0,00;0 ; 20,00 ; 33,33 ; 33 
Kazakhstan;KAZ;; 2,7 ; 27 ;;;;;;0;0;0;0;0;0;2;0;0,00;0,01;0,01;0 ; 13,57 ; 9,05 ; 14 
Kenya;KEN;; 6,0 ; 60 ;3,30; 66 ;Moderate;Drought and food insecurity;33;0;4;0;4;2;Shortfall;73,9;83;16,67;1,09;8,88;42 ; 50,78 ; 55,85 ; 56 
Kiribati;KIR;; 3,6 ; 36 ;;;;;;0;0;0;0;0;0;42,9;9;0,00;0,00;0,00;3 ; 19,43 ; 12,95 ; 19 
Korea DPR;PRK;; 4,9 ; 49 ;3,70; 74 ;;;;0;0;0;0;0;0;0;0;0,00;0,00;0,00;0 ; 24,50 ; 41,00 ; 41 
Korea Republic of;KOR;; 2,1 ; 21 ;;;;;;0;0;0;0;0;0;5,4;1;0,00;0,00;0,00;0 ; 10,68 ; 7,12 ; 11 
Kuwait;KWT;; 2,7 ; 27 ;;;;;;0;0;0;0;0;0;8,4;2;0,00;0,00;0,00;1 ; 13,78 ; 9,19 ; 14 
Kyrgyzstan;KGZ;; 3,6 ; 36 ;;;;;;0;0;0;0;0;0;0;0;0,00;0,00;0,00;0 ; 18,00 ; 12,00 ; 18 
Lao PDR;LAO;; 3,6 ; 36 ;;;;;;0;0;0;0;0;0;35,6;7;0,00;0,00;0,00;2 ; 19,19 ; 12,79 ; 19 
Lebanon;LBN;; 6,6 ; 66 ;3,80; 76 ;High;Economic deterioration;67;0;3;0;3;2;Access;42,4;64;0,00;3,61;1,81;44 ; 55,21 ; 62,14 ; 62 
Lesotho;LSO;; 4,3 ; 43 ;2,20; 44 ;;;;0;3;0;3;2;Localized;59,9;68;0,00;0,00;0,00;23 ; 32,83 ; 36,55 ; 37 
Liberia;LBR;; 4,9 ; 49 ;;;;;;0;4;0;4;2;Localized;80,8;84;0,00;0,02;0,01;28 ; 38,53 ; 25,69 ; 39 
Libya;LBY;; 5,0 ; 50 ;3,20; 64 ;;;;0;0;0;0;2;Localized;35,1;27;8,33;0,33;4,33;10 ; 30,23 ; 41,48 ; 41 
Madagascar;MDG;; 5,4 ; 54 ;2,70; 54 ;;;;0;4;0;4;2;Localized;72,6;83;0,00;0,32;0,16;28 ; 40,78 ; 45,19 ; 45 
Malawi;MWI;; 4,8 ; 48 ;3,40; 68 ;;;;0;4;0;4;2;Access;81,7;84;0,00;0,06;0,03;28 ; 38,06 ; 48,04 ; 48 
Malaysia;MYS;; 3,3 ; 33 ;1,60; 32 ;;;;0;0;0;0;0;0;16,7;3;0,00;0,00;0,00;1 ; 17,06 ; 22,04 ; 22 
Maldives;MDV;; 2,2 ; 22 ;;;;;;0;0;0;0;0;0;0;0;0,00;0,00;0,00;0 ; 11,00 ; 7,33 ; 11 
Mali;MLI;Yes; 7,1 ; 71 ;4,30; 86 ;High;Regional instability;67;0;5;0;5;2;Localized;20,6;84;41,67;4,67;23,17;58 ; 64,55 ; 71,70 ; 72 
Marshall Islands;MHL;; 3,7 ; 37 ;;;;;;0;0;0;0;0;0;0;0;0,00;0,00;0,00;0 ; 18,50 ; 12,33 ; 19 
Mauritania;MRT;; 5,1 ; 51 ;2,50; 50 ;;;;0;4;0;4;2;Access;66,3;81;0,00;0,00;0,00;27 ; 39,04 ; 42,70 ; 43 
Mauritius;MUS;; 2,2 ; 22 ;;;;;;0;0;0;0;0;0;31,1;6;0,00;0,00;0,00;2 ; 12,04 ; 8,02 ; 12 
Mexico;MEX;; 4,9 ; 49 ;2,80; 56 ;;;;0;0;0;0;0;0;19,3;4;0,00;10,42;5,21;3 ; 26,01 ; 36,01 ; 36 
Micronesia;FSM;; 3,4 ; 34 ;;;;;;0;0;0;0;0;0;0;0;0,00;0,00;0,00;0 ; 17,00 ; 11,33 ; 17 
Moldova Republic of;MDA;; 3,6 ; 36 ;;;;;;0;0;0;0;0;0;25,1;5;0,00;0,00;0,00;2 ; 18,84 ; 12,56 ; 19 
Mongolia;MNG;; 2,9 ; 29 ;;;;;;0;0;0;0;0;0;4,8;1;0,00;0,00;0,00;0 ; 14,66 ; 9,77 ; 15 
Montenegro;MNE;; 2,6 ; 26 ;;;;;;0;0;0;0;0;0;10,4;2;0,00;0,00;0,00;1 ; 13,35 ; 8,90 ; 13 
Morocco;MAR;; 3,7 ; 37 ;;;;;;0;0;0;0;0;0;0;0;0,00;0,07;0,04;0 ; 18,51 ; 12,34 ; 19 
Mozambique;MOZ;Yes; 7,1 ; 71 ;3,30; 66 ;;;;0;4;0;4;2;Localized;0;68;0,00;0,95;0,48;23 ; 46,91 ; 53,28 ; 53 
Myanmar;MMR;Yes; 7,0 ; 70 ;4,50; 90 ;High;Internal conflict;67;0;4;0;4;2;Localized;32,7;75;0,00;18,45;9,23;50 ; 60,13 ; 70,09 ; 70 
Namibia;NAM;; 4,1 ; 41 ;2,60; 52 ;;;;0;4;0;4;2;Localized;55,9;79;0,00;0,00;0,00;26 ; 33,70 ; 39,80 ; 40 
Nauru;NRU;; 2,2 ; 22 ;;;;;;0;0;0;0;0;0;0;0;0,00;0,00;0,00;0 ; 11,00 ; 7,33 ; 11 
Nepal;NPL;; 4,6 ; 46 ;;;;;;0;0;0;0;0;0;36,6;7;0,00;0,10;0,05;2 ; 24,23 ; 16,15 ; 24 
Nicaragua;NIC;; 4,9 ; 49 ;;;;;;0;3;0;3;0;0;0;36;0,00;0,01;0,01;12 ; 30,50 ; 20,33 ; 31 
Niger;NER;Yes; 7,8 ; 78 ;3,60; 72 ;High;Regional instability;67;0;4;0;4;2;Access;50,9;78;0,00;2,30;1,15;49 ; 63,39 ; 66,26 ; 66 
Nigeria;NGA;Yes; 7,0 ; 70 ;4,40; 88 ;Moderate;Internal conflict;33;0;4;0;4;2;Access;74,8;83;8,33;12,65;10,49;42 ; 56,08 ; 66,72 ; 67 
North Macedonia;MKD;; 2,8 ; 28 ;;;;;;0;0;0;0;0;0;15,2;3;0,00;0,00;0,00;1 ; 14,51 ; 9,67 ; 15 
Oman;OMN;; 2,5 ; 25 ;;;;;;0;0;0;0;0;0;0;0;0,00;0,00;0,00;0 ; 12,50 ; 8,33 ; 13 
Pakistan;PAK;; 6,4 ; 64 ;3,80; 76 ;;;;0;4;0;4;2;Localized;42,1;76;0,00;5,82;2,91;26 ; 45,22 ; 55,48 ; 55 
Palau;PLW;; 2,2 ; 22 ;;;;;;0;0;0;0;0;0;28,1;6;0,00;0,00;0,00;2 ; 11,94 ; 7,96 ; 12 
oPt;PSE;Yes; 6,4 ; 64 ;4,20; 84 ;;;;0;5;0;5;2;Access;27;85;0,00;26,53;13,27;33 ; 48,44 ; 60,30 ; 60 
Panama;PAN;; 4,1 ; 41 ;2,50; 50 ;;;;0;0;0;0;0;0;0;0;0,00;0,00;0,00;0 ; 20,50 ; 30,33 ; 30 
Papua New Guinea;PNG;; 6,5 ; 65 ;1,80; 36 ;;;;0;0;0;0;0;0;0;0;0,00;0,22;0,11;0 ; 32,52 ; 33,68 ; 34 
Paraguay;PRY;; 3,0 ; 30 ;;;;;;0;0;0;0;0;0;0;0;0,00;0,00;0,00;0 ; 15,00 ; 10,00 ; 15 
Peru;PER;; 4,6 ; 46 ;3,00; 60 ;;;;0;0;0;0;0;0;41;8;8,33;0,06;4,20;4 ; 25,07 ; 36,71 ; 37 
Philippines;PHL;; 5,4 ; 54 ;2,10; 42 ;;;;0;0;0;0;0;0;32,9;7;0,00;0,69;0,35;2 ; 28,15 ; 32,77 ; 33 
Qatar;QAT;; 1,3 ; 13 ;;;;;;0;0;0;0;0;0;0;0;0,00;0,01;0,01;0 ; 6,50 ; 4,33 ; 7 
Russian Federation;RUS;; 4,4 ; 44 ;;;;;;0;0;0;0;0;0;2,8;1;0,00;4,87;2,44;1 ; 22,50 ; 15,00 ; 22 
Rwanda;RWA;; 4,3 ; 43 ;2,50; 50 ;;;;0;0;0;0;0;0;0;0;0,00;0,03;0,02;0 ; 21,50 ; 31,00 ; 31 
Saint Kitts and Nevis;KNA;; 1,8 ; 18 ;;;;;;0;0;0;0;0;0;0;0;0,00;0,00;0,00;0 ; 9,00 ; 6,00 ; 9 
Saint Lucia;LCA;; 2,6 ; 26 ;;;;;;0;0;0;0;0;0;0;0;0,00;0,00;0,00;0 ; 13,00 ; 8,67 ; 13 
Saint Vincent and the Grenadines;VCT;; 3,0 ; 30 ;;;;;;0;0;0;0;0;0;0;0;0,00;0,00;0,00;0 ; 15,00 ; 10,00 ; 15 
Samoa;WSM;; 3,0 ; 30 ;;;;;;0;0;0;0;0;0;18,6;4;0,00;0,00;0,00;1 ; 15,62 ; 10,41 ; 16 
Sao Tome and Principe;STP;; 2,4 ; 24 ;;;;;;0;0;0;0;0;0;0;0;0,00;0,00;0,00;0 ; 12,00 ; 8,00 ; 12 
Senegal;SEN;; 4,4 ; 44 ;3,00; 60 ;;;;0;4;0;4;2;Localized;29,1;74;0,00;0,01;0,01;25 ; 34,30 ; 42,87 ; 43 
Serbia;SRB;; 3,4 ; 34 ;;;;;;0;0;0;0;0;0;9,5;2;0,00;0,00;0,00;1 ; 17,32 ; 11,54 ; 17 
Seychelles;SYC;; 1,3 ; 13 ;;;;;;0;0;0;0;0;0;0;0;0,00;0,00;0,00;0 ; 6,50 ; 4,33 ; 7 
Sierra Leone;SLE;; 4,9 ; 49 ;;;;;;0;4;0;4;2;Localized;89,8;86;0,00;0,01;0,01;29 ; 38,83 ; 25,89 ; 39 
Solomon Islands;SLB;; 4,4 ; 44 ;;;;;;0;0;0;0;0;0;0;0;0,00;0,00;0,00;0 ; 22,00 ; 14,67 ; 22 
Somalia;SOM;Yes; 8,4 ; 84 ;4,30; 86 ;Moderate;Internal conflict and displacement;33;0;4;0;4;2;Shortfall;0;68;16,67;11,38;14,02;38 ; 61,17 ; 69,45 ; 69 
South Africa;ZAF;; 4,8 ; 48 ;;;;;;0;0;0;0;0;0;20,7;4;0,00;0,22;0,11;1 ; 24,71 ; 16,47 ; 25 
South Sudan;SSD;Yes; 8,5 ; 85 ;4,40; 88 ;High;Conflict escalation and flooding;67;0;4;0;4;2;Access;88,1;86;8,33;3,64;5,99;53 ; 68,93 ; 75,29 ; 75 
Sri Lanka;LKA;; 3,6 ; 36 ;;;;;;0;0;0;0;0;0;11,2;2;0,00;0,01;0,01;1 ; 18,37 ; 12,25 ; 18 
Sudan;SDN;Yes; 7,8 ; 78 ;4,70; 94 ;Very High;IASC Scale up;100;0;5;0;5;2;Shortfall;0;80;16,67;24,67;20,67;67 ; 72,44 ; 79,63 ; 80 
Suriname;SUR;; 3,1 ; 31 ;;;;;;0;0;0;0;0;0;0;0;0,00;0,00;0,00;0 ; 15,50 ; 10,33 ; 16 
Syria;SYR;Yes; 7,7 ; 77 ;4,50; 90 ;;;;0;0;0;0;2;Access;0;20;8,33;12,04;10,19;10 ; 43,53 ; 59,02 ; 59 
Tajikistan;TJK;; 4,0 ; 40 ;;;;;;0;0;0;0;0;0;25,1;5;0,00;0,00;0,00;2 ; 20,84 ; 13,89 ; 21 
Tanzania;TZA;; 4,9 ; 49 ;2,30; 46 ;;;;0;4;0;4;2;Localized;58;80;8,33;0,04;4,19;28 ; 38,46 ; 40,98 ; 41 
Thailand;THA;; 4,3 ; 43 ;2,10; 42 ;High;Displacement from conflict in Myanmar;67,0;0;0;0;0;0;0;5,4;1;8,33;0,10;4,22;24 ; 33,55 ; 36,37 ; 36 
Timor-Leste;TLS;; 3,8 ; 38 ;;;;;;0;4;0;4;0;0;0;48;0,00;0,00;0,00;16 ; 27,00 ; 18,00 ; 27 
Togo;TGO;; 5,4 ; 54 ;2,30; 46 ;;;;0;4;0;4;0;0;58,5;60;8,33;0,09;4,21;21 ; 37,65 ; 40,43 ; 40 
Tonga;TON;; 3,4 ; 34 ;;;;;;0;0;0;0;0;0;0;0;0,00;0,00;0,00;0 ; 17,00 ; 11,33 ; 17 
Trinidad and Tobago;TTO;; 3,0 ; 30 ;1,30; 26 ;;;;0;0;0;0;0;0;27,6;6;0,00;0,25;0,13;2 ; 15,94 ; 19,29 ; 19 
Tunisia;TUN;; 3,3 ; 33 ;1,70; 34 ;;;;0;0;0;0;0;0;25,4;5;8,33;0,00;4,17;3 ; 18,04 ; 23,36 ; 23 
Türkiye;TUR;; 5,5 ; 55 ;3,50; 70 ;;;;0;0;0;0;0;0;0;0;0,00;0,01;0,01;0 ; 27,50 ; 41,67 ; 42 
Turkmenistan;TKM;; 3,1 ; 31 ;;;;;;0;0;0;0;0;0;0;0;0,00;0,00;0,00;0 ; 15,50 ; 10,33 ; 16 
Tuvalu;TUV;; 2,8 ; 28 ;;;;;;0;0;0;0;0;0;0;0;0,00;0,00;0,00;0 ; 14,00 ; 9,33 ; 14 
Uganda;UGA;; 5,7 ; 57 ;3,30; 66 ;;;;0;0;0;0;2;Localized;54,6;31;0,00;0,24;0,12;10 ; 33,67 ; 44,45 ; 44 
Ukraine;UKR;Yes; 5,6 ; 56 ;4,30; 86 ;;;;0;0;0;0;2;Access;32,5;27;8,33;100,00;54,17;27 ; 41,44 ; 56,30 ; 56 
Uruguay;URY;; 2,7 ; 27 ;;;;;;0;0;0;0;0;0;16,2;3;0,00;0,00;0,00;1 ; 14,04 ; 9,36 ; 14 
Uzbekistan;UZB;; 3,2 ; 32 ;;;;;;0;0;0;0;0;0;24,4;5;0,00;0,01;0,01;2 ; 16,81 ; 11,21 ; 17 
Vanuatu;VUT;; 4,2 ; 42 ;;;;;;0;0;0;0;0;0;0;0;0,00;0,00;0,00;0 ; 21,00 ; 14,00 ; 21 
Venezuela;VEN;Yes; 5,8 ; 58 ;3,80; 76 ;Moderate;Political tension and economic instability;33;0;0;0;0;0;0;0;0;0,00;0,53;0,27;11 ; 34,54 ; 48,36 ; 48 
Viet Nam;VNM;; 4,0 ; 40 ;;;;;;0;0;0;0;0;0;10,7;2;0,00;0,00;0,00;1 ; 20,36 ; 13,57 ; 20 
Yemen;YEM;Yes; 8,2 ; 82 ;4,60; 92 ;High;Economic deterioration ;67;0;4;0;4;2;Access;73;83;50,00;3,99;27,00;59 ; 70,43 ; 77,62 ; 78 
Zambia;ZMB;; 4,6 ; 46 ;3,30; 66 ;;;;0;4;0;4;2;Localized;45,3;77;0,00;0,02;0,01;26 ; 35,85 ; 45,90 ; 46 
Zimbabwe;ZWE;; 5,0 ; 50 ;3,60; 72 ;;;;0;0;0;0;2;Localized;68,8;34;0,00;0,01;0,01;11 ; 30,63 ; 44,42 ; 44 
;;;;;;;;;;;;;;;;;;;;;;;;
;;;;;;;;;;;;;;;;;;;;;;;;
;;;;;;;;;;;;;;;;;;;;;;;;
;;;;;;;;;;;;;;;;;;;;;;;;
;;;;;;;;;;;;;;;;;;;;;;;;
;;;;;;;;;;;;;;;;;;;;;;;;
;;;;;;;;;;;;;;;;;;;;;;;;
;;;;;;;;;;;;;;;;;;;;;;;;
;;;;;;;;;;;;;;;;;;;;;;;;
;;;;;;;;;;;;;;;;;;;;;;;;
;;;;;;;;;;;;;;;;;;;;;;;;
;;;;;;;;;;;;;;;;;;;;;;;;
;;;;;;;;;;;;;;;;;;;;;;;;
;;;;;;;;;;;;;;;;;;;;;;;;
;;;;;;;;;;;;;;;;;;;;;;;;
;;;;;;;;;;;;;;;;;;;;;;;;
;;;;;;;;;;;;;;;;;;;;;;;;
;;;;;;;;;;;;;;;;;;;;;;;;
;;;;;;;;;;;;;;;;;;;;;;;;
;;;;;;;;;;;;;;;;;;;;;;;;
;;;;;;;;;;;;;;;;;;;;;;;;
;;;;;;;;;;;;;;;;;;;;;;;;
;;;;;;;;;;;;;;;;;;;;;;;;
;;;;;;;;;;;;;;;;;;;;;;;;
;;;;;;;;;;;;;;;;;;;;;;;;
;;;;;;;;;;;;;;;;;;;;;;;;
;;;;;;;;;;;;;;;;;;;;;;;;
;;;;;;;;;;;;;;;;;;;;;;;;
;;;;;;;;;;;;;;;;;;;;;;;;
;;;;;;;;;;;;;;;;;;;;;;;;
;;;;;;;;;;;;;;;;;;;;;;;;
;;;;;;;;;;;;;;;;;;;;;;;;
;;;;;;;;;;;;;;;;;;;;;;;;
;;;;;;;;;;;;;;;;;;;;;;;;
;;;;;;;;;;;;;;;;;;;;;;;;
;;;;;;;;;;;;;;;;;;;;;;;;
;;;;;;;;;;;;;;;;;;;;;;;;
;;;;;;;;;;;;;;;;;;;;;;;;
;;;;;;;;;;;;;;;;;;;;;;;;
;;;;;;;;;;;;;;;;;;;;;;;;
;;;;;;;;;;;;;;;;;;;;;;;;
;;;;;;;;;;;;;;;;;;;;;;;;
;;;;;;;;;;;;;;;;;;;;;;;;
;;;;;;;;;;;;;;;;;;;;;;;;
;;;;;;;;;;;;;;;;;;;;;;;;
;;;;;;;;;;;;;;;;;;;;;;;;
;;;;;;;;;;;;;;;;;;;;;;;;
;;;;;;;;;;;;;;;;;;;;;;;;
;;;;;;;;;;;;;;;;;;;;;;;;
;;;;;;;;;;;;;;;;;;;;;;;;
;;;;;;;;;;;;;;;;;;;;;;;;
;;;;;;;;;;;;;;;;;;;;;;;;
;;;;;;;;;;;;;;;;;;;;;;;;
;;;;;;;;;;;;;;;;;;;;;;;;
;;;;;;;;;;;;;;;;;;;;;;;;
;;;;;;;;;;;;;;;;;;;;;;;;
;;;;;;;;;;;;;;;;;;;;;;;;
;;;;;;;;;;;;;;;;;;;;;;;;
;;;;;;;;;;;;;;;;;;;;;;;;
;;;;;;;;;;;;;;;;;;;;;;;;
;;;;;;;;;;;;;;;;;;;;;;;;
;;;;;;;;;;;;;;;;;;;;;;;;
;;;;;;;;;;;;;;;;;;;;;;;;
;;;;;;;;;;;;;;;;;;;;;;;;
;;;;;;;;;;;;;;;;;;;;;;;;
;;;;;;;;;;;;;;;;;;;;;;;;
;;;;;;;;;;;;;;;;;;;;;;;;
;;;;;;;;;;;;;;;;;;;;;;;;
;;;;;;;;;;;;;;;;;;;;;;;;
;;;;;;;;;;;;;;;;;;;;;;;;
;;;;;;;;;;;;;;;;;;;;;;;;
;;;;;;;;;;;;;;;;;;;;;;;;
;;;;;;;;;;;;;;;;;;;;;;;;
;;;;;;;;;;;;;;;;;;;;;;;;
;;;;;;;;;;;;;;;;;;;;;;;;
;;;;;;;;;;;;;;;;;;;;;;;;
;;;;;;;;;;;;;;;;;;;;;;;;
;;;;;;;;;;;;;;;;;;;;;;;;
;;;;;;;;;;;;;;;;;;;;;;;;
;;;;;;;;;;;;;;;;;;;;;;;;
;;;;;;;;;;;;;;;;;;;;;;;;
;;;;;;;;;;;;;;;;;;;;;;;;
;;;;;;;;;;;;;;;;;;;;;;;;
;;;;;;;;;;;;;;;;;;;;;;;;
;;;;;;;;;;;;;;;;;;;;;;;;
;;;;;;;;;;;;;;;;;;;;;;;;
;;;;;;;;;;;;;;;;;;;;;;;;
;;;;;;;;;;;;;;;;;;;;;;;;
;;;;;;;;;;;;;;;;;;;;;;;;
;;;;;;;;;;;;;;;;;;;;;;;;
;;;;;;;;;;;;;;;;;;;;;;;;
;;;;;;;;;;;;;;;;;;;;;;;;
;;;;;;;;;;;;;;;;;;;;;;;;
;;;;;;;;;;;;;;;;;;;;;;;;
;;;;;;;;;;;;;;;;;;;;;;;;
;;;;;;;;;;;;;;;;;;;;;;;;
;;;;;;;;;;;;;;;;;;;;;;;;
;;;;;;;;;;;;;;;;;;;;;;;;
;;;;;;;;;;;;;;;;;;;;;;;;
;;;;;;;;;;;;;;;;;;;;;;;;
;;;;;;;;;;;;;;;;;;;;;;;;
;;;;;;;;;;;;;;;;;;;;;;;;
;;;;;;;;;;;;;;;;;;;;;;;;
;;;;;;;;;;;;;;;;;;;;;;;;
;;;;;;;;;;;;;;;;;;;;;;;;
;;;;;;;;;;;;;;;;;;;;;;;;
;;;;;;;;;;;;;;;;;;;;;;;;
;;;;;;;;;;;;;;;;;;;;;;;;
;;;;;;;;;;;;;;;;;;;;;;;;
;;;;;;;;;;;;;;;;;;;;;;;;
;;;;;;;;;;;;;;;;;;;;;;;;
;;;;;;;;;;;;;;;;;;;;;;;;
;;;;;;;;;;;;;;;;;;;;;;;;
;;;;;;;;;;;;;;;;;;;;;;;;
;;;;;;;;;;;;;;;;;;;;;;;;
;;;;;;;;;;;;;;;;;;;;;;;;
;;;;;;;;;;;;;;;;;;;;;;;;
;;;;;;;;;;;;;;;;;;;;;;;;
;;;;;;;;;;;;;;;;;;;;;;;;
;;;;;;;;;;;;;;;;;;;;;;;;
;;;;;;;;;;;;;;;;;;;;;;;;
;;;;;;;;;;;;;;;;;;;;;;;;
;;;;;;;;;;;;;;;;;;;;;;;;
;;;;;;;;;;;;;;;;;;;;;;;;
;;;;;;;;;;;;;;;;;;;;;;;;
;;;;;;;;;;;;;;;;;;;;;;;;
