ISO3,year,Round,avg_tone,crisis_article_volume,neg_event_count,avg_goldstein,cni_normalized
AFG,2012,I,-3.539615712632647,205,7,-6.428571428571429,48.16559061397226
AFG,2013,I,0.10746910263299,4,1,-5.0,32.242279135816084
AFG,2014,I,-5.30361260568793,6,1,-6.5,55.867268364116164
AFG,2021,I,-4.7633105197446515,2107,113,-6.280530973451328,53.50828883867135
AFG,2021,II,-5.354492872806711,1491,92,-6.693478260869565,56.089413551974964
AFG,2022,I,-4.716399194413451,82924,5596,-6.087062187276626,53.303472202114065
AFG,2022,II,-4.767583041518647,77746,5348,-6.227430815258041,53.52694283177832
AFG,2023,I,-4.573370365146431,97817,5360,-5.913936567164179,52.679002875477664
AFG,2023,II,-4.823529638628069,74886,5478,-5.792716319824754,53.77120780971012
AFG,2024,I,-5.000493847613987,41536,4060,-5.919581280788178,54.54384029919146
AFG,2024,II,-4.636297383721769,34822,3439,-5.775079965106135,52.95374463990626
AGO,2013,II,-0.86493679308051,10,2,-7.2,36.48784038403009
AGO,2021,II,-4.12848546486991,13,3,-8.333333333333334,50.73661842382473
AGO,2022,I,-3.257518336793617,1186,182,-5.56978021978022,46.93394270607238
AGO,2022,II,-3.4116833312527177,2826,326,-5.754601226993865,47.60703295489942
AGO,2023,I,-4.479460977270453,1216,203,-5.041379310344827,52.26899090437869
AGO,2023,II,-4.263313034038307,2146,258,-4.920542635658915,51.32528073590608
AGO,2024,I,-3.5667457768580455,1199,183,-5.273770491803279,48.284041509678104
AGO,2024,II,-5.03394474429468,4626,285,-5.272982456140351,54.689888190603476
ARM,2012,II,-7.06319702602226,1,1,-5.0,63.54968108997806
ARM,2013,II,-2.86016949152542,7,3,-10.0,45.19910248458706
ARM,2021,I,-1.4704061727810362,65,8,-4.9375,39.131342800837814
ARM,2021,II,-2.0158153105155114,21,7,-6.5,41.51261990929083
ARM,2022,I,-4.3829064502158985,7378,1184,-5.846030405405405,51.84743015468614
ARM,2022,II,-4.18575625366039,12379,1787,-5.810800223838836,50.98666487316789
ARM,2023,I,-3.6411085386460758,10967,1731,-5.976545349508954,48.60871216536739
ARM,2023,II,-4.412700761866426,24030,2870,-5.792264808362369,51.977513256319206
ARM,2024,I,-3.847341721205508,9894,1687,-5.086959098992295,49.509134110390384
ARM,2024,II,-2.8509872085296757,4200,840,-5.262619047619048,45.15901228662681
BDI,2021,II,-4.267157030018214,22,7,-5.285714285714286,51.34206376904329
BDI,2022,I,-5.228467231452398,960,113,-4.942477876106195,55.53918079261617
BDI,2022,II,-4.757926972881509,1175,117,-5.102564102564102,53.48478406762784
BDI,2023,I,-4.749392608766581,1297,138,-5.451449275362319,53.44752270822617
BDI,2023,II,-3.3112533671366746,1946,132,-5.618939393939394,47.168551899107655
BDI,2024,I,-3.71563875722954,781,166,-6.041566265060241,48.934113943815795
BDI,2024,II,-5.369893234593515,597,75,-5.335999999999999,56.15665211922219
BFA,2012,I,-10.968094501998202,65,3,-10.0,80.5986124830644
BFA,2013,I,-3.0890171210597597,174,6,-10.0,46.19825996808188
BFA,2021,I,-5.59124920991932,50,6,-8.366666666666667,57.12310075455701
BFA,2021,II,-8.60377358490566,15,4,-9.25,70.27589713528812
BFA,2022,I,-6.22062323928999,7239,566,-6.703003533568904,59.87097178403881
BFA,2022,II,-5.937411299595317,9809,551,-6.1101633393829395,58.63445764781283
BFA,2023,I,-7.000908130947596,9085,622,-7.747588424437299,63.27772539710455
BFA,2023,II,-4.986206276566442,4359,574,-6.195121951219512,54.481460218776526
BFA,2024,I,-5.294666007307809,4375,461,-6.160737527114967,55.82820717418158
BFA,2024,II,-4.964301492623504,3762,348,-5.669540229885057,54.385823096183394
BGD,2014,II,1.886352779428383,20,3,-7.333333333333333,24.475605119775235
BGD,2021,I,-6.31259617443962,268,33,-6.7272727272727275,60.27252912863846
BGD,2021,II,-4.437002376013539,299,26,-5.730769230769231,52.08361503104809
BGD,2022,I,-3.95450984502948,24075,2495,-5.348176352705411,49.97703422859875
BGD,2022,II,-4.478475033932276,23450,2918,-5.696161754626457,52.26468623814009
BGD,2023,I,-3.9887935855027243,25120,2744,-5.233709912536443,50.1267183477908
BGD,2023,II,-4.360344755711748,34921,3851,-5.3663464035315505,51.748924935514694
BGD,2024,I,-4.025365598318335,36787,3334,-5.375494901019796,50.28639315135132
BGD,2024,II,-4.880668006452716,85374,7107,-5.493147600956804,54.020676104063185
CAF,2021,I,-4.29309628949313,103,8,-7.95,51.45531556576679
CAF,2021,II,-3.18021201413427,8,4,-10.0,46.596420351291066
CAF,2022,I,-5.001187574286427,1896,187,-6.166310160427807,54.54686913631631
CAF,2022,II,-7.326762343708834,1651,194,-5.465979381443299,64.70041732479108
CAF,2023,I,-5.498089837743522,960,135,-5.753333333333334,56.71636338062602
CAF,2023,II,-6.927365855550285,3668,321,-5.850155763239876,62.95663701630734
CAF,2024,I,-6.8753323056075475,1485,135,-6.055555555555555,62.72945655162926
CAF,2024,II,-5.1417533394497195,568,91,-5.7263736263736265,55.160584631084006
CMR,2021,I,-5.75916230366492,10,1,-4.0,57.856215729503724
CMR,2021,II,1.48975791433892,6,1,-4.0,26.207153435027912
CMR,2022,I,-6.892877520603526,5193,352,-6.549715909090909,62.80605962983648
CMR,2022,II,-6.5106765621605875,3246,322,-5.969875776397515,61.1373556602817
CMR,2023,I,-5.222314761321677,4276,403,-7.055583126550869,55.51231887324389
CMR,2023,II,-6.1850559622161585,2671,400,-6.31,59.715683695068144
CMR,2024,I,-4.956400426770907,2378,313,-6.044408945686901,54.35132674116206
CMR,2024,II,-4.5265299599194355,1507,223,-5.57219730941704,52.4744958788017
COD,2021,I,-2.26921253758895,19,5,-6.5,42.61896187246712
COD,2021,II,-3.21543408360129,12,2,-9.5,46.75020125067707
COD,2022,I,-5.55154935852944,2603,374,-6.478609625668449,56.94976968842125
COD,2022,II,-5.657877969226829,3698,430,-5.845581395348837,57.414004460282676
COD,2023,I,-4.5381605995357335,4203,380,-5.762631578947369,52.525275695197884
COD,2023,II,-5.072061061116098,2404,322,-6.03416149068323,54.856305484384805
COD,2024,I,-5.404801364836875,2759,361,-6.744321329639889,56.309062347977616
COD,2024,II,-5.980829857059493,1831,196,-6.407142857142857,58.82402472657679
COG,2021,I,-2.137321786696304,18,7,-4.1,42.04312182104826
COG,2021,II,-5.153285353885215,30,2,-4.7,55.21093384617721
COG,2022,I,-5.543964613983316,5505,541,-6.492606284658041,56.91665440429495
COG,2022,II,-4.98058962113885,6478,573,-6.05130890052356,54.45693768684509
COG,2023,I,-4.936520067021184,5894,532,-5.816353383458647,54.26452833184962
COG,2023,II,-5.395275783999629,6814,546,-6.017765567765568,56.26747329854093
COG,2024,I,-5.438026751133094,5779,575,-6.420869565217392,56.4541256524454
COG,2024,II,-4.960540322550355,4990,444,-5.413738738738738,54.36940168411577
COL,2014,II,-3.5367675397106,8,2,-5.75,48.15315538230681
COL,2021,I,-6.566318715072068,409,29,-5.086206896551724,61.380291423227526
COL,2021,II,-3.9536275101644587,53,15,-5.7,49.97318192090769
COL,2022,I,-4.115098547253673,8505,906,-5.620529801324503,50.678170630660304
COL,2022,II,-4.124778635411266,10006,1007,-5.844985104270109,50.720434264953695
COL,2023,I,-4.114861898924614,13460,1198,-5.802003338898164,50.67713741502501
COL,2023,II,-4.614033096878076,12373,1342,-5.638822652757079,52.856537913929614
COL,2024,I,-4.937999743097091,11395,1336,-5.416616766467066,54.27098865406224
COL,2024,II,-3.5985475378108265,7120,955,-5.580837696335078,48.422889211570144
COM,2022,I,0.36003103939634457,27,9,-3.888888888888889,31.139584082008742
COM,2022,II,-6.24387426863001,72,13,-4.769230769230769,59.97248666540904
COM,2023,I,-3.0854523123923006,103,15,-3.4,46.18269587740475
COM,2023,II,-2.722053130332829,55,10,-5.0,44.59608118102602
COM,2024,I,-2.922306619711971,337,29,-5.410344827586207,45.470395557435566
COM,2024,II,-6.1732343259827465,497,24,-5.8,59.66406998015311
CUB,2013,II,5.458114314435093,42,3,-4.0,8.88115795760617
CUB,2021,I,-5.9225961457440945,34,4,-4.75,58.56977412074419
CUB,2021,II,-1.3436940863083477,19,5,-4.3,38.578112995897094
CUB,2022,I,-3.709396710872125,33932,1262,-4.9166402535657685,48.906860931219484
CUB,2022,II,-3.8538500248349075,10206,947,-5.1579725448785645,49.53754961239669
CUB,2023,I,-3.602649162659388,11677,1190,-4.776722689075631,48.44079706217917
CUB,2023,II,-3.7219584559383114,10239,1377,-5.008641975308642,48.961705989541365
CUB,2024,I,-4.250582468100556,11290,1287,-4.419036519036519,51.26969859921665
CUB,2024,II,-5.235613303919367,10250,1307,-4.982249426166795,55.570380817704915
DJI,2012,II,-3.91166827251881,40,1,-5.0,49.789986288159845
DJI,2021,II,-8.07799442896936,25,4,-10.0,67.98032527645655
DJI,2022,I,-3.6131346693685953,1170,155,-5.485161290322581,48.486577184604116
DJI,2022,II,-4.221361524881862,759,125,-5.864,51.14211884603702
DJI,2023,I,-3.6922769434270757,2915,259,-6.223938223938224,48.83211537325492
DJI,2023,II,-4.41938634258395,10400,843,-7.533570581257414,52.00670275685725
DJI,2024,I,-4.491954760723854,31589,2576,-7.731987577639751,52.32353923970571
DJI,2024,II,-4.25132364802738,11408,705,-7.924539007092199,51.27293461906098
DZA,2021,I,-2.7305820173436435,26,6,-4.333333333333333,44.63331862718213
DZA,2021,II,-4.781112912855395,648,13,-3.6923076923076925,53.586014766341684
DZA,2022,I,-4.719532969358928,4239,610,-5.204754098360656,53.31715438311255
DZA,2022,II,-4.462951516037876,2764,425,-5.084235294117647,52.196909966627395
DZA,2023,I,-4.00503751499542,2536,430,-5.467209302325582,50.19763996383294
DZA,2023,II,-4.668489929131873,5868,648,-5.891358024691358,53.09429852165152
DZA,2024,I,-4.612261117792415,4752,542,-5.018819188191881,52.84880138562195
DZA,2024,II,-5.008294109367778,3301,447,-5.238031319910514,54.57789653967067
EGY,2012,I,-10.959651042067925,116,4,-8.75,80.56174801480186
EGY,2012,II,-4.516111585672546,991,18,-4.083333333333333,52.42900885926905
EGY,2013,I,-7.09046454767726,5,1,-2.0,63.668732130067
EGY,2014,I,-2.64172965552959,21,4,-7.0,44.24538582484834
EGY,2014,II,-5.3126730537037625,15,4,-10.0,55.90682662590483
EGY,2021,I,-1.734689136357051,257,40,-6.220000000000001,40.285212304989884
EGY,2021,II,-4.62488577985827,180,30,-5.59,52.90392114196533
EGY,2022,I,-4.294842816721261,21472,2723,-5.673999265515975,51.46294097029321
EGY,2022,II,-3.9951642610702707,33926,3244,-5.512237977805179,50.15453296042709
EGY,2023,I,-4.00101357836181,26091,3010,-5.431528239202658,50.180071302935026
EGY,2023,II,-4.432584249308435,74653,6020,-6.229651162790698,52.064325321255524
EGY,2024,I,-4.877798834677289,59854,6564,-6.026127361365021,54.00814919060255
EGY,2024,II,-4.487840910851941,28985,3098,-5.779180116204003,52.305578014178224
ERI,2021,I,-6.401582181952014,38,8,-6.375,60.6610454331912
ERI,2021,II,-5.71428571428571,2,1,-10.0,57.66028282775946
ERI,2022,I,-4.6808050900079685,2491,158,-6.191139240506329,53.14806698398967
ERI,2022,II,-5.294299843603759,2504,355,-7.203380281690141,55.82660848947669
ERI,2023,I,-4.043119838644826,1567,195,-5.522564102564103,50.36390884212808
ERI,2023,II,-6.106852750435912,2000,205,-6.88390243902439,59.37424548815922
ERI,2024,I,-4.466660653205285,1244,156,-5.676282051282051,52.21310420104296
ERI,2024,II,-4.504210045315202,1052,109,-5.439449541284404,52.377046279899744
ETH,2021,I,-3.6569045485300427,214,37,-7.6,48.677678147304974
ETH,2021,II,-4.878485711356504,59,10,-7.24,54.01114812039558
ETH,2022,I,-4.884215766942157,13961,1303,-5.9401381427475055,54.036165761744535
ETH,2022,II,-4.794397245520659,13857,1787,-6.454224958030219,53.64401466969547
ETH,2023,I,-4.306749487083479,10846,1312,-5.941539634146341,51.51492594745957
ETH,2023,II,-4.927890872848468,14157,1693,-6.292321323095098,54.226852940796874
ETH,2024,I,-3.746451898209707,8819,1195,-5.612635983263599,49.06864529318113
ETH,2024,II,-4.06435201370005,14032,1140,-5.557280701754386,50.45660932865034
GIN,2012,I,-4.660666650305953,29,7,-9.2,53.060141787757054
GIN,2021,I,-3.5993915369275413,110,7,-5.928571428571429,48.42657414392118
GIN,2021,II,-7.518760987295153,37,6,-4.0,65.53869072945983
GIN,2022,I,-4.396056209614504,2698,286,-5.223076923076923,51.9048425060223
GIN,2022,II,-4.576800011543535,2251,272,-5.651470588235294,52.69397684252457
GIN,2023,I,-3.4484498356436992,994,118,-5.316949152542373,47.76755691609991
GIN,2023,II,-4.162155561534366,2856,237,-4.760337552742616,50.88362335073063
GIN,2024,I,-4.318140536327578,3145,250,-5.71,51.56465970314783
GIN,2024,II,-5.9379712918734056,1583,218,-5.6573394495412845,58.63690259546856
GMB,2013,II,-7.13235294117646,2,1,-4.0,63.85161845456799
GMB,2021,I,-5.06401548084967,19,4,-3.75,54.82117817391794
GMB,2021,II,-4.805970509239126,138,9,-3.6666666666666665,53.694543980732234
GMB,2022,I,-4.363629440303406,1935,302,-5.176490066225165,51.763265993787186
GMB,2022,II,-5.495330201811961,3980,336,-4.712797619047619,56.70431470483965
GMB,2023,I,-3.217749579456919,2744,212,-4.865094339622642,46.76031079394331
GMB,2023,II,-4.716439789736927,4186,440,-5.3375,53.303649442845504
GMB,2024,I,-5.931988673629173,6999,561,-5.219429590017826,58.61078225591434
GMB,2024,II,-3.5597848945118225,5495,312,-4.516346153846153,48.2536500317235
GRD,2022,I,-2.6521739964107693,683,113,-5.127433628318584,44.290986215697195
GRD,2022,II,-2.7289885614267773,618,61,-4.826229508196721,44.62636153784196
GRD,2023,I,-2.3356703263533807,392,86,-5.194186046511628,42.90911911427738
GRD,2023,II,-2.931506424671636,660,156,-5.855128205128205,45.51056225695895
GRD,2024,I,-4.00335182062198,3815,193,-5.893264248704663,50.19028015787149
GRD,2024,II,-3.842425052927279,666,114,-5.632456140350877,49.48766774906494
HND,2021,I,-7.553036098435169,182,33,-4.818181818181818,65.6883371726537
HND,2021,II,-3.2258064516129,10,1,-5.0,46.79548740523087
HND,2022,I,-5.483175916959902,18791,854,-4.830913348946137,56.65124863336155
HND,2022,II,-5.13054354199925,2059,236,-5.989406779661017,55.11164222764339
HND,2023,I,-4.966294006614394,7814,499,-5.840080160320641,54.39452248830302
HND,2023,II,-4.740009542976315,3244,268,-5.4399253731343284,53.40655588492306
HND,2024,I,-6.780663061998088,9546,477,-4.851362683438155,62.316127021401414
HND,2024,II,-5.297235906180385,3335,243,-5.311111111111111,55.83942745072796
HTI,2021,I,-7.517930294368989,124,17,-6.470588235294118,65.53506389244453
HTI,2021,II,-5.132321442170814,211,30,-9.3,55.11940460763805
HTI,2022,I,-5.582502937103162,11557,999,-6.004004004004004,57.08491419367922
HTI,2022,II,-5.178763574565552,11163,1077,-6.293871866295264,55.32217272993009
HTI,2023,I,-5.520550802813087,12720,1098,-6.44799635701275,56.81442881124218
HTI,2023,II,-4.86638899083377,18333,1548,-6.45187338501292,53.95833337697601
HTI,2024,I,-4.618855620710157,37449,2390,-6.42092050209205,52.87759323701056
HTI,2024,II,-4.664693324742009,14826,1582,-5.832300884955752,53.07772240200492
IRN,2012,I,-7.802383336556845,174,7,-7.0,66.77699672951687
IRN,2012,II,-6.954889544416263,119,8,-8.375,63.076806492214885
IRN,2013,I,-2.33383540571722,24,3,-7.333333333333333,42.90110778075834
IRN,2013,II,-4.5,4,2,-10.0,52.35866506139598
IRN,2014,I,-8.127898039284213,20,3,-8.333333333333334,68.19820634343965
IRN,2014,II,-3.2017113231033574,27,7,-4.4714285714285715,46.690287154675225
IRN,2021,I,-4.095229374311397,543,67,-5.746268656716418,50.59142106337606
IRN,2021,II,-6.032377893066437,938,84,-5.992857142857143,59.04908541888372
IRN,2022,I,-4.673788435136086,62111,6617,-5.5727671150068,53.11743200105974
IRN,2022,II,-6.5080217195259635,179174,14480,-5.7450414364640885,61.12576451602871
IRN,2023,I,-5.39255485187529,99549,9395,-5.605385843533794,56.255593605053846
IRN,2023,II,-5.45743588664357,114941,11208,-6.027765881513204,56.538866678747134
IRN,2024,I,-5.382141322897643,180923,15518,-6.488387678824591,56.210127740151606
IRN,2024,II,-5.4344432591778125,179897,15618,-6.544736842105263,56.43847998982068
JAM,2021,I,-8.392462695808064,131,21,-7.0,69.35330572975151
JAM,2021,II,-2.2467017731758916,74,11,-6.609090909090909,42.520679016016906
JAM,2022,I,-4.686899835145166,13279,1424,-5.833567415730337,53.17467687383741
JAM,2022,II,-4.996371530539607,6781,1163,-5.804557179707652,54.52584210553489
JAM,2023,I,-3.8790003105063695,8793,1240,-5.840967741935484,49.647356719386636
JAM,2023,II,-4.031137485883426,8511,1311,-5.706559877955759,50.311593432718816
JAM,2024,I,-3.7342754703075975,8877,1338,-5.711285500747384,49.01548254430152
JAM,2024,II,-3.656357359420791,7804,1266,-5.727725118483413,48.67528909877296
KEN,2012,I,3.17460317460317,20,1,-4.0,18.851054734118293
KEN,2013,II,-5.01193317422435,8,3,-2.0,54.59378483570312
KEN,2014,I,0.33557046979866,3,1,-4.0,31.246379862300643
KEN,2014,II,-5.08670520231214,10,1,-4.0,54.92024236367499
KEN,2021,I,-3.7106008877982677,50,11,-7.545454545454546,48.91211841363106
KEN,2021,II,-3.2786590851894513,107,18,-5.7444444444444445,47.026244020310855
KEN,2022,I,-3.1193263118330177,23753,3019,-4.71189135475323,46.33059105161285
KEN,2022,II,-3.151274959145359,29527,3489,-5.041501862997993,46.47008006495599
KEN,2023,I,-3.7986965259758354,31002,3856,-4.973158713692946,49.29674733169097
KEN,2023,II,-4.299495625955157,41206,5173,-5.076899284747729,51.48325531296209
KEN,2024,I,-4.0796273826537535,39211,5027,-5.126198527949075,50.52330217241845
KEN,2024,II,-4.616833242935868,49470,6028,-4.946366954213669,52.868763458473
KGZ,2021,I,-0.44543429844098,15,3,-5.0,34.65627648399442
KGZ,2021,II,-12.8301886792453,4,1,-5.0,88.72858671943457
KGZ,2022,I,-4.268955305650053,1954,221,-5.2592760180995475,51.34991510907505
KGZ,2022,II,-4.404313214397731,3363,301,-6.342524916943521,51.94089290399758
KGZ,2023,I,-3.3845339996268473,1266,197,-5.503045685279187,47.48849793698786
KGZ,2023,II,-3.917166271403443,1833,224,-5.923214285714286,49.81399076109673
KGZ,2024,I,-4.392295511654639,2056,344,-5.556976744186046,51.888423155219286
KGZ,2024,II,-3.618576446785126,1262,200,-5.5775,48.51033619246582
LBN,2012,II,-3.4795471665156503,10,2,-5.0,47.903329049377625
LBN,2013,II,-1.4561899524711048,21,6,-10.0,39.06927424046609
LBN,2021,I,-6.157004162281001,157,14,-5.142857142857143,59.59320846607956
LBN,2021,II,-3.1707215752169473,33,7,-5.142857142857143,46.554984732817815
LBN,2022,I,-4.316011280754591,15969,1597,-5.542391984971823,51.55536329206264
LBN,2022,II,-3.940191947260683,17839,1588,-5.873110831234257,49.91452174056154
LBN,2023,I,-4.9701067283862,19901,2063,-5.926805622879302,54.411168977054224
LBN,2023,II,-5.774661812600292,63666,5497,-7.173549208659269,57.92388717698511
LBN,2024,I,-5.901662594528984,58806,5279,-7.757643493085811,58.47837743730352
LBN,2024,II,-5.598370751976775,162570,12090,-7.30808105872622,57.15419367894171
LBY,2012,II,-8.74642074356001,130,1,-2.0,70.89870007346487
LBY,2013,II,-6.50275122761927,30,1,-5.0,61.102753347239315
LBY,2021,I,-8.028047350851313,173,8,-8.6125,67.76225442738595
LBY,2021,II,-5.057224180484226,181,15,-5.013333333333334,54.79152709736276
LBY,2022,I,-4.656881612712712,7135,830,-5.649759036144578,53.0436161691859
LBY,2022,II,-5.410029278631608,15894,902,-6.096452328159645,56.331887619105395
LBY,2023,I,-4.627354410341507,6210,663,-5.822473604826547,52.91469927685939
LBY,2023,II,-5.656178951432289,18735,1187,-5.691828138163437,57.406586483756286
LBY,2024,I,-4.4825797941338505,5281,576,-5.993055555555555,52.28260777782001
LBY,2024,II,-4.876148047777299,3767,476,-6.139285714285714,54.00094179200228
LKA,2012,II,-0.06613756613757,5,1,-2.0,33.00025247659164
LKA,2021,I,-3.2813892818808634,43,9,-6.066666666666666,47.038164163251324
LKA,2021,II,-6.89049199231125,80,17,-6.352941176470588,62.79564432227937
LKA,2022,I,-4.987596576830502,28028,2321,-5.402757432141318,54.48753032278402
LKA,2022,II,-5.05792515812087,50627,2183,-5.4156207054512135,54.794587592474016
LKA,2023,I,-3.832738549712718,13593,1903,-5.438885969521808,49.445376106388025
LKA,2023,II,-3.449534217301209,11942,1810,-5.272596685082873,47.77229136779718
LKA,2024,I,-4.044429380341927,18216,2279,-5.443176831943835,50.36962635115043
LKA,2024,II,-3.180937257789093,15118,1704,-4.883450704225352,46.5995867927637
LSO,2021,I,5.436386335262747,20,3,-3.0,8.976023143823934
LSO,2021,II,-4.02684563758389,4,1,-2.0,50.29285505926382
LSO,2022,I,-3.9189762441357763,1550,314,-5.959872611464968,49.821893171115626
LSO,2022,II,-3.4832654143606945,2750,269,-4.863197026022305,47.919563061359405
LSO,2023,I,-4.303932241110026,2384,402,-5.232089552238806,51.502625744031846
LSO,2023,II,-4.007769174598931,1300,215,-4.886976744186047,50.20956649390346
LSO,2024,I,-3.733386298966219,425,93,-4.212903225806452,49.011600388293814
LSO,2024,II,-5.075765901791588,976,194,-4.993814432989691,54.87248096015269
MDG,2021,I,-5.48128342245989,3,3,-5.5,56.642985930155895
MDG,2022,I,-3.4793884845732794,590,70,-4.92,47.90263623796185
MDG,2022,II,-6.504604536985096,661,80,-4.99125,61.11084496665378
MDG,2023,I,-3.0412570223294484,670,114,-5.42280701754386,45.989737554474445
MDG,2023,II,-4.282388590532359,2101,168,-4.945833333333333,51.40856534349254
MDG,2024,I,-2.9100252316610433,556,68,-5.238235294117647,45.416774548540886
MDG,2024,II,-0.5388754275445686,469,57,-3.6596491228070174,35.06424401942413
MLI,2012,I,-5.756532611567161,466,25,-9.552,57.844734393454466
MLI,2012,II,-15.411799940101801,23,3,-7.333333333333333,100.0
MLI,2013,I,-5.266897899536945,42,5,-10.0,55.70697055600815
MLI,2013,II,-8.06451612903225,2,1,-10.0,67.92147850459199
MLI,2021,I,-5.9234720277354596,97,8,-5.25,58.573598254942624
MLI,2021,II,-5.43868934619143,108,7,-6.857142857142857,56.45701856775508
MLI,2022,I,-5.747871330433794,10815,1092,-5.9096153846153845,57.80691890950707
MLI,2022,II,-5.6188272568187605,13411,855,-6.403157894736842,57.24350755971298
MLI,2023,I,-5.199237722391624,5256,525,-6.618857142857143,55.411563640643145
MLI,2023,II,-5.524499030801023,17050,1285,-6.663346303501945,56.831666925304006
MLI,2024,I,-5.732534695278065,3777,464,-5.834051724137931,57.73995857516295
MLI,2024,II,-5.901436152989908,4462,598,-6.2040133779264215,58.477388784902786
MMR,2013,II,-3.19905213270142,8,2,-10.0,46.67867702790424
MMR,2021,I,-4.965589631476251,717,54,-6.887037037037037,54.39144715957056
MMR,2021,II,-6.88814885844564,226,41,-5.926829268292683,62.785414110406876
MMR,2022,I,-5.301920567547891,23997,2523,-6.735909631391201,55.859880861027676
MMR,2022,II,-5.857338160490566,14495,1885,-7.36684350132626,58.28485526684769
MMR,2023,I,-5.272713293268148,17144,2071,-7.237276677933365,55.732360786957116
MMR,2023,II,-5.1529368885283695,17263,2358,-7.453307888040713,55.2094124331316
MMR,2024,I,-4.98142498746568,12340,1999,-7.659379689844923,54.46058492810606
MMR,2024,II,-4.275536309797108,7041,1088,-7.292830882352941,51.37864802431573
MNG,2021,I,0.0,20,2,-2.0,32.711493338990124
MNG,2021,II,-4.6774094911937345,12,2,-3.0,53.13324166998886
MNG,2022,I,-1.1701034126751797,841,103,-5.466019417475728,37.82020949050177
MNG,2022,II,-2.0535821476061535,711,115,-5.624347826086956,41.67751136123126
MNG,2023,I,-1.0635392677205406,633,91,-4.895604395604396,37.35494636708507
MNG,2023,II,-1.0453102478081877,2933,136,-4.666176470588235,37.27535777051859
MNG,2024,I,-2.7039572156741687,1994,110,-5.3136363636363635,44.51707372707653
MNG,2024,II,-2.0739831084923437,1060,172,-5.344767441860465,41.76658273497195
MOZ,2013,I,-11.5384615384615,4,1,-9.0,83.08885672977422
MOZ,2021,I,-4.342642912398516,13,3,-8.333333333333334,51.67163801209732
MOZ,2021,II,-3.3846519179234327,38,10,-8.14,47.48901277277058
MOZ,2022,I,-4.989415915623643,1812,357,-6.459103641456583,54.495473625381806
MOZ,2022,II,-5.426636061723099,2408,334,-6.564670658682634,56.40439346780657
MOZ,2023,I,-5.150813201566997,3459,350,-6.0837142857142865,55.20014033481721
MOZ,2023,II,-4.06198175635923,2230,300,-5.877,50.44626069465002
MOZ,2024,I,-4.8290642471406,3613,424,-6.78183962264151,53.79537212167944
MOZ,2024,II,-5.672118405972208,7475,645,-5.8931782945736435,57.47617875053568
MRT,2022,I,-4.492485427868483,902,68,-5.448529411764706,52.32585615270969
MRT,2022,II,-3.3807790228782593,191,30,-4.35,47.472103565211604
MRT,2023,I,-3.635778942435221,473,55,-6.298181818181818,48.58544294493056
MRT,2023,II,-5.183512216391184,364,68,-5.767647058823529,55.342905481351515
MRT,2024,I,-2.1903317416557297,1132,95,-5.309473684210526,42.274565307289336
MRT,2024,II,-2.560218027793932,894,90,-5.047777777777778,43.889502947627165
MWI,2021,I,-5.929343206439945,38,6,-5.2,58.599232045213725
MWI,2021,II,-7.557610535799341,116,9,-6.333333333333333,65.70830934074866
MWI,2022,I,-4.559253567105275,4653,771,-4.775226977950713,52.61736839652542
MWI,2022,II,-4.434842840729497,3571,600,-4.4755,52.07418641758894
MWI,2023,I,-4.49787308127473,3448,511,-4.884931506849314,52.3493788530771
MWI,2023,II,-3.7829116503415343,4743,781,-5.008578745198463,49.22782996231233
MWI,2024,I,-3.6297301199696084,4059,731,-4.528180574555403,48.5590335552194
MWI,2024,II,-2.916634770920697,3567,582,-4.27319587628866,45.44563204917208
NAM,2014,I,1.94805194805195,5,1,-9.0,24.206224195091476
NAM,2021,I,-7.018068070892106,45,6,-8.066666666666666,63.352646349734755
NAM,2021,II,-1.5082270133790399,14,3,-4.0,39.2964700341522
NAM,2022,I,-4.3554736635916225,1881,276,-4.821014492753623,51.72765756143475
NAM,2022,II,-5.084354217742581,1388,228,-5.045175438596491,54.90997787532946
NAM,2023,I,-4.049711366538646,2527,404,-5.25049504950495,50.392687704448726
NAM,2023,II,-3.3736949623445827,2457,403,-4.918610421836228,47.441174286590034
NAM,2024,I,-3.0560127592394752,3375,553,-4.771609403254972,46.05416166491042
NAM,2024,II,-3.0801711094140045,3513,596,-4.810738255033557,46.159637943667974
NER,2013,II,-1.39658195037482,40,9,-10.0,38.80902342864048
NER,2021,I,-7.457076078580234,31,9,-5.411111111111111,65.26937206408141
NER,2021,II,-5.9766022380468,3,1,-2.0,58.805566780639175
NER,2022,I,-6.151824165517797,3954,564,-6.958156028368794,59.570592402539965
NER,2022,II,-5.727277073923918,3122,411,-6.440389294403893,57.7170035996971
NER,2023,I,-4.519081208882521,3538,510,-5.8939215686274515,52.44197434752621
NER,2023,II,-3.9415958948370324,47410,3509,-5.228811627244229,49.92065142925527
NER,2024,I,-4.9800754407576235,10387,1121,-6.2446030330062445,54.454692755679254
NER,2024,II,-5.782550222309278,6229,737,-6.17774762550882,57.95832827480047
NGA,2012,I,-8.805318262389713,20,3,-6.666666666666667,71.15584888823615
NGA,2013,II,5.320312219487399,8,3,-4.0,9.482807162749419
NGA,2014,I,0.33557046979866,1,1,-4.0,31.246379862300643
NGA,2021,I,-3.098048745067908,1040,146,-5.602739726027397,46.23769238315305
NGA,2021,II,-2.6128549877247913,497,78,-4.806410256410256,44.11931792333982
NGA,2022,I,-3.6820003884716193,129672,21306,-5.357594104946963,48.787247542160564
NGA,2022,II,-3.8028180950300263,107446,18825,-5.230921646746348,49.314742259462854
NGA,2023,I,-3.151286007380307,141010,22226,-5.121110411230091,46.47012830197138
NGA,2023,II,-3.423209775881546,161722,25265,-5.162830001979022,47.65735785200418
NGA,2024,I,-4.057327117704371,157289,24701,-5.394449617424395,50.425938364659416
NGA,2024,II,-4.060429687796907,145048,23106,-5.204388470527136,50.439484304079166
NPL,2014,I,-1.35911899006178,16,3,-2.0,38.64545871430715
NPL,2014,II,0.0939849624060196,5,2,-4.0,32.30115140660904
NPL,2021,I,-2.8803592800373785,46,7,-5.285714285714286,45.28725187168339
NPL,2021,II,-0.59347181008902,6,1,-10.0,35.30261390904035
NPL,2022,I,-2.892917927048025,7117,630,-5.034285714285714,45.34208340377656
NPL,2022,II,-3.798365385327055,5588,531,-5.433521657250471,49.2953015589819
NPL,2023,I,-3.043323465472026,11667,1210,-4.740413223140496,45.99875972409151
NPL,2023,II,-3.7489159529157177,15054,1497,-5.321910487641951,49.07940345005722
NPL,2024,I,-3.293282640620269,7929,1302,-5.023886328725038,47.09009102136449
NPL,2024,II,-3.676545104092119,8002,976,-4.939651639344262,48.76342956238311
PAK,2012,I,-4.163986426938598,9,4,-6.0,50.891616978952314
PAK,2013,I,-10.5643994211288,10,1,-2.0,78.83606435476848
PAK,2014,I,-6.0,10,2,-4.4,58.90772230219794
PAK,2014,II,-5.283182624674331,18,6,-3.8333333333333335,55.77807028739179
PAK,2021,I,-6.226636099379829,925,105,-7.020952380952381,59.89722416064499
PAK,2021,II,-5.603687190138702,415,47,-5.834042553191489,57.177405450834804
PAK,2022,I,-4.781563868767024,131370,13843,-5.54493968070505,53.587983657060576
PAK,2022,II,-4.759388924411729,122694,13014,-5.555540187490395,53.491167003797635
PAK,2023,I,-5.146739332092464,161860,15743,-5.774941243727371,55.18235366523038
PAK,2023,II,-5.385969751805106,150588,15597,-5.644803487850227,56.22684280685648
PAK,2024,I,-4.871574230856827,118903,15594,-5.572887007823522,53.9809723327882
PAK,2024,II,-5.501713456919841,141038,16325,-5.644453292496172,56.732184240229074
PAN,2014,I,1.38224348750664,9,1,-5.0,26.67656552538566
PAN,2021,I,-0.58479532163742,1,1,-10.0,35.26473202936123
PAN,2022,I,-3.701907226104491,2280,359,-5.101114206128133,48.87416155492125
PAN,2022,II,-4.596277950927109,1838,247,-5.157085020242914,52.779018269161824
PAN,2023,I,-3.987609340343365,3423,396,-4.919949494949495,50.1215478882336
PAN,2023,II,-4.212585981692686,3444,416,-5.3069711538461535,51.10380448959365
PAN,2024,I,-4.534443273245016,5188,507,-4.675936883629191,52.50904570675745
PAN,2024,II,-3.965648336702995,3154,370,-4.933513513513514,50.025665308296105
PER,2021,I,-8.57440186467941,63,8,-6.875,70.14765908393977
PER,2021,II,-3.606489432607539,121,8,-4.375,48.45756382731955
PER,2022,I,-5.036375774370908,6939,731,-5.173461012311901,54.700502160685694
PER,2022,II,-5.517115643063063,18915,1243,-5.34971842316975,56.79943077268605
PER,2023,I,-6.895326386115536,35198,1690,-5.457751479289941,62.81675147011194
PER,2023,II,-4.753183369653426,8662,848,-5.157193396226416,53.464073314915595
PER,2024,I,-5.001078573060792,4833,693,-5.708658008658008,54.54639323280565
PER,2024,II,-6.057166072994218,12309,826,-5.253389830508475,59.15731155837861
PHL,2013,I,0.8586339433689467,10,3,-2.0,28.96266477631097
PHL,2014,I,-3.18805488297013,1,1,-4.0,46.6306626159165
PHL,2014,II,-2.80701754385965,4,1,-5.0,44.96703905277156
PHL,2021,I,-3.575082994749101,297,60,-6.346666666666667,48.32044212114315
PHL,2021,II,-4.193940383711738,127,29,-6.210344827586207,51.02239709728285
PHL,2022,I,-2.775128555814554,33348,5900,-5.147542372881356,44.82781051406584
PHL,2022,II,-3.3523153686923393,34211,5395,-5.063429101019462,47.347830164847615
PHL,2023,I,-3.0948149114266634,37854,6209,-5.23200193267837,46.22357334207056
PHL,2023,II,-3.084127607079008,48099,7534,-5.027754181045925,46.17691216345544
PHL,2024,I,-2.9680839008893614,41708,5981,-4.824092961043304,45.67026091394158
PHL,2024,II,-3.403795215550723,42059,6052,-4.864656311962988,47.5725931407298
PSE,2012,I,-3.25443786982249,10,1,-10.0,46.92049326972417
PSE,2012,II,-4.15962123774096,4,2,-2.0,50.872558396337475
PSE,2013,I,-6.84292379471229,6,1,-2.0,62.58795975633446
PSE,2021,I,-6.790583405887446,1189,50,-7.284,62.35943962138797
PSE,2021,II,-6.393704210633785,159,34,-8.138235294117647,60.62664990978821
PSE,2022,I,-6.8386830603301245,24358,3093,-7.57174264468154,62.569444548193246
PSE,2022,II,-6.817232584598922,22360,3181,-7.762244577176989,62.475790952589186
PSE,2023,I,-7.560637541679392,44222,4203,-7.767713537949084,65.72152536393313
PSE,2023,II,-6.467100970552232,97296,10607,-7.725841425473744,60.94710296445175
PSE,2024,I,-6.248221812382077,76589,10763,-7.398086035491963,59.99146820733515
PSE,2024,II,-6.9864057265363755,55554,6924,-7.824523396880416,63.214407346025645
RWA,2012,II,3.32446808510638,5,1,-2.0,18.196738815936165
RWA,2021,I,-4.4567964069438295,119,26,-4.3769230769230765,52.170036525440544
RWA,2021,II,-4.358924750095272,22,5,-3.6799999999999997,51.74272513680499
RWA,2022,I,-5.017224779697317,19631,1387,-5.020908435472243,54.616888187128595
RWA,2022,II,-5.129041893250402,10068,1230,-5.123658536585366,55.1050859719022
RWA,2023,I,-4.976051143473347,8368,978,-4.871881390593047,54.43712252016677
RWA,2023,II,-4.710263074185428,18112,1275,-5.003137254901961,53.27668166704089
RWA,2024,I,-5.0162988439642655,24764,1826,-5.351533406352683,54.61284551638389
RWA,2024,II,-5.229945069720011,9197,1049,-5.046425166825548,55.54563309088767
SDN,2021,I,-8.26707978776842,334,50,-7.81,68.80587916857162
SDN,2021,II,-4.776551219857402,471,31,-5.858064516129032,53.56609824063581
SDN,2022,I,-6.420978732440006,24940,2057,-5.908799222168206,60.74573151280451
SDN,2022,II,-5.765337675991683,11799,1384,-6.155491329479769,57.88317764073789
SDN,2023,I,-5.527559069692381,157229,6523,-6.598911543768204,56.845027171876396
SDN,2023,II,-6.1946519693201205,32921,3280,-7.149664634146342,59.75758022827281
SDN,2024,I,-6.154374860315836,26031,2385,-6.608050314465409,59.58172883336409
SDN,2024,II,-5.946368388902559,26132,2372,-6.644224283305228,58.673564641535556
SOM,2012,II,-8.17307692307688,6,2,-10.0,68.39545907412878
SOM,2013,II,-9.628249973651364,160,4,-10.0,74.74880014311857
SOM,2014,I,-3.62976406533575,4,1,-2.0,48.559181761983346
SOM,2021,I,-4.298111608985185,110,17,-7.235294117647059,51.47721264205637
SOM,2021,II,-5.526909373813887,75,10,-6.45,56.842190574878146
SOM,2022,I,-4.69237370164853,12745,1151,-6.38879235447437,53.19857598387677
SOM,2022,II,-5.787878180002277,11311,1233,-6.773884833738849,57.98159034140582
SOM,2023,I,-5.624169459759403,16984,1434,-7.2168061366806135,57.26683182161315
SOM,2023,II,-4.972417484331899,9496,1058,-7.163043478260869,54.42125782569283
SOM,2024,I,-4.509291853034011,14070,1480,-6.077567567567567,52.39923364632455
SOM,2024,II,-4.200211174345207,6858,1168,-6.004452054794521,51.04977560848529
SSD,2012,I,-4.15647921760391,10,1,-4.0,50.85884021651794
SSD,2021,I,-7.742834427412062,154,16,-9.2375,66.51700391977253
SSD,2021,II,-3.9089044876113053,57,9,-8.0,49.77791949778617
SSD,2022,I,-4.33011003358133,2440,355,-5.803098591549295,51.616918984920126
SSD,2022,II,-4.488201762191375,2718,425,-6.538588235294118,52.307153504896476
SSD,2023,I,-4.729475187575825,3775,439,-6.342596810933941,53.36056248724789
SSD,2023,II,-3.4262949929563176,2462,285,-5.722105263157895,47.67082802748616
SSD,2024,I,-5.076611433193474,2944,528,-6.067234848484849,54.87617258251925
SSD,2024,II,-3.856239147443532,3523,464,-5.748922413793103,49.54798061287614
SYR,2012,I,-4.92390331244404,16,2,-10.0,54.209443099903694
SYR,2012,II,-1.8165873559964016,335,6,-7.083333333333333,40.642783057215134
SYR,2013,I,-3.27318173569655,62,3,-3.6666666666666665,47.002329703406254
SYR,2013,II,-6.13535855536017,260,2,-4.6,59.49870292025528
SYR,2014,I,-5.56701030927835,5,1,-8.0,57.017272789389125
SYR,2014,II,-3.55626026976571,37,4,-4.0,48.23826138558042
SYR,2021,I,-5.234201694836422,414,38,-7.257894736842106,55.56421767858101
SYR,2021,II,-4.367784444429847,112,19,-5.368421052631579,51.781406900360416
SYR,2022,I,-5.503972180211672,35547,4083,-6.684447710017144,56.7420459123153
SYR,2022,II,-5.367151864369148,28286,3443,-6.536741214057508,56.144683192210444
SYR,2023,I,-4.768391569198433,56499,4705,-6.2934750265674815,53.530472894482116
SYR,2023,II,-5.777032276328009,39374,4222,-6.835243960208432,57.93423671207849
SYR,2024,I,-5.92942337466478,35219,4212,-7.264838556505223,58.59958206274262
SYR,2024,II,-5.214389866996165,133172,8504,-6.661641580432738,55.47771848220051
TCD,2021,I,-5.989920060285111,106,6,-7.5,58.86371290074685
TCD,2021,II,-5.3923885857775975,79,13,-8.415384615384616,56.25486768092652
TCD,2022,I,-5.72684885228122,2147,367,-5.885013623978202,57.715133967663924
TCD,2022,II,-6.300235298425309,6365,594,-5.7638047138047135,60.21856107226235
TCD,2023,I,-5.383284660836816,7410,782,-6.241304347826087,56.21511959722443
TCD,2023,II,-5.446039052205143,7451,679,-6.154491899852724,56.48910766467966
TCD,2024,I,-5.569539126211242,11850,820,-6.066097560975609,57.02831370061914
TCD,2024,II,-4.798447770326417,5563,472,-6.083686440677966,53.66169941556761
TLS,2022,I,-0.8797775819569845,109,23,-5.6521739130434785,36.55263583459721
TLS,2022,II,-3.6892674634512614,1158,80,-4.1225000000000005,48.81897586883716
TLS,2023,I,-3.468056964857215,436,46,-3.9065217391304343,47.853162390464654
TLS,2023,II,-3.669394869112808,878,56,-6.026785714285714,48.732211363606645
TLS,2024,I,-3.3380945795928434,691,84,-5.392857142857143,47.28574165696631
TLS,2024,II,-1.9473012390379145,1019,70,-6.21,41.213484858686044
TUR,2012,II,-7.06319702602226,1,1,-5.0,63.54968108997806
TUR,2013,I,-5.6198347107438,10,3,-4.0,57.24790614199469
TUR,2013,II,-1.3694554389951612,90,9,-10.0,38.690588044794715
TUR,2014,II,-2.35846086025568,12,2,-3.5,43.008623454993774
TUR,2021,I,-4.085682065762316,438,56,-5.973214285714286,50.54973714992038
TUR,2021,II,-4.00136273493737,179,31,-6.074193548387097,50.18159573386792
TUR,2022,I,-3.7502955644235336,47148,5505,-5.258455949137148,49.085426886547054
TUR,2022,II,-4.435328104615667,54117,5559,-5.358445763626551,52.07630509823389
TUR,2023,I,-3.5318015066831863,53270,5623,-5.2455806508980976,48.131473492602645
TUR,2023,II,-4.378677659089965,83280,5349,-5.643896055337446,51.82896709125738
TUR,2024,I,-4.2350855872095,33600,3973,-5.401359174427385,51.20203862587703
TUR,2024,II,-4.327019720452121,34519,4492,-5.2792074799643816,51.603426559869995
UGA,2013,II,-5.01193317422435,2,2,-2.0,54.59378483570312
UGA,2021,I,-4.745160309346219,120,23,-6.121739130434783,53.42904432745006
UGA,2021,II,-4.559644678975157,175,16,-6.90625,52.619076005874355
UGA,2022,I,-4.3950233004487025,11643,1248,-5.3895032051282055,51.90033278518804
UGA,2022,II,-4.855362439504354,10021,1257,-5.478758949880668,53.91019103309268
UGA,2023,I,-4.515632785665463,13630,1683,-5.425609031491384,52.426918400166855
UGA,2023,II,-4.458956889802533,11170,1492,-5.277479892761394,52.17946927604682
UGA,2024,I,-4.478785285976749,11416,1323,-5.127966742252457,52.26604081040564
UGA,2024,II,-4.899795936678949,10697,1472,-5.060597826086957,54.104189377362964
UKR,2012,I,-4.2452211548931995,16,5,-4.6,51.24629090116276
UKR,2013,II,-1.11902339776195,1,1,-10.0,37.597192196149926
UKR,2014,II,-2.30352303523035,2,1,-9.0,42.7687628144764
UKR,2021,I,-3.2220739200964488,1571,129,-5.568992248062015,46.779191030194646
UKR,2021,II,-2.52047798398528,690,61,-4.463934426229509,43.71599639985727
UKR,2022,I,-4.121016304046988,780854,50451,-6.012257437910052,50.70400778264469
UKR,2022,II,-4.213189296837371,321921,27052,-6.168830400709744,51.10643858653818
UKR,2023,I,-4.198530273667969,299329,27186,-6.439421025527845,51.04243673198441
UKR,2023,II,-4.309080353287708,229785,25224,-6.615770694576594,51.52510259825432
UKR,2024,I,-4.417970209558953,253037,24660,-6.5497283049472825,52.00051986602971
UKR,2024,II,-4.4806867411986655,187921,17680,-6.6841685520361995,52.274342636465086
VEN,2014,II,-5.126696681831588,134,7,-4.857142857142857,55.09484668935314
VEN,2021,I,-2.9342599433810057,64,12,-6.866666666666667,45.5225842247198
VEN,2021,II,-3.61805550576782,9,3,-4.666666666666667,48.50806174410487
VEN,2022,I,-4.143007225329041,10652,1042,-4.87936660268714,50.800020984147444
VEN,2022,II,-4.407711856415271,17295,1398,-5.307367668097282,51.955731504740164
VEN,2023,I,-4.639182807058434,11847,1343,-5.540878629932986,52.96634250830344
VEN,2023,II,-3.8561640047702355,12000,1579,-4.945408486383787,49.547652537097036
VEN,2024,I,-5.715355678036803,21163,1994,-5.406920762286861,57.66495433032712
VEN,2024,II,-5.949449565443864,41793,3322,-4.940547862733293,58.68701717589424
VNM,2012,I,0.639092756254992,20,5,-5.5200000000000005,29.921189977059576
VNM,2013,II,2.612432763539355,240,2,-5.0,21.305512201546346
VNM,2014,I,-3.18805488297013,7,2,-4.0,46.6306626159165
VNM,2014,II,7.4922600619195,1,1,-2.0,-0.0
VNM,2021,I,-2.4576000852588233,58,17,-3.411764705882353,43.44146909456333
VNM,2021,II,-4.401239985910364,97,16,-5.5625,51.9274750711457
VNM,2022,I,-2.316159372883389,13670,1839,-5.6199564980967915,42.823933546878976
VNM,2022,II,-2.216225952916806,10629,1675,-5.54489552238806,42.387620421792136
VNM,2023,I,-0.8347470228469384,24872,2765,-5.340940325497288,36.35603069513253
VNM,2023,II,-0.7644822426909018,33384,3718,-5.205083378160301,36.04925198362971
VNM,2024,I,-2.4122270693966446,21099,2624,-5.6440929878048784,43.24336877585051
VNM,2024,II,-2.3342954537022673,15123,1949,-5.385223191380194,42.903116367816736
VUT,2021,II,2.47422680412371,5,1,-4.0,21.908924694368352
VUT,2022,I,-2.2956549743036683,120,15,-4.386666666666667,42.7344105602211
VUT,2022,II,-1.7378617359274673,272,49,-5.051020408163265,40.29906399578242
VUT,2023,I,1.6407252104355152,981,165,-2.683030303030303,25.548024459277446
VUT,2023,II,-2.647335941338164,1872,217,-3.028110599078341,44.26986308262743
VUT,2024,I,-2.061710064602608,416,69,-3.9362318840579715,41.71299815700345
VUT,2024,II,-1.6607829059874022,591,74,-4.636486486486487,39.96253488289474
YEM,2012,II,-6.2161370139025,108,2,-6.5,59.851384752800264
YEM,2021,I,-3.848114404976562,351,24,-9.004166666666666,49.51250767722083
YEM,2021,II,-8.169833231800197,90,14,-8.214285714285714,68.3812969942338
YEM,2022,I,-5.4699716557443905,23727,1616,-6.641522277227724,56.59359832501296
YEM,2022,II,-5.141256915260242,7989,827,-6.476420798065297,55.15841722412893
YEM,2023,I,-5.057920491072515,7275,800,-6.610875,54.79456721596281
YEM,2023,II,-5.52329676035958,17806,1652,-7.234382566585957,56.82641776667738
YEM,2024,I,-4.844247026646969,35645,3095,-7.777479806138934,53.86166071638724
YEM,2024,II,-5.136504437238582,21974,1734,-7.795847750865052,55.13766772372926
ZMB,2021,I,-7.970297029702969,10,2,-7.0,67.51011432146915
ZMB,2021,II,-6.8792076591573785,158,9,-3.3333333333333335,62.74637649311339
ZMB,2022,I,-4.01088342954122,2581,468,-5.261111111111111,50.223163449823126
ZMB,2022,II,-4.16720561439402,3067,516,-5.508720930232558,50.905672074228605
ZMB,2023,I,-3.271921989636073,3118,515,-4.484854368932038,46.99682960403363
ZMB,2023,II,-3.2716283209461277,6012,556,-4.89478417266187,46.99554743532677
ZMB,2024,I,-3.311019605528619,2726,334,-4.770059880239521,47.16753128700642
ZMB,2024,II,-4.511209767129302,2508,343,-4.903790087463557,52.40760733245323
ZWE,2012,I,-4.36590436590436,10,2,-6.8,51.773198405773336
ZWE,2012,II,-3.00546448087432,10,1,-6.5,45.83346595261882
ZWE,2021,I,-5.154822029853697,112,22,-5.572727272727272,55.21764303209598
ZWE,2021,II,-3.9928018729759396,111,18,-5.111111111111111,50.14421868385725
ZWE,2022,I,-4.443782463670684,14496,2069,-5.190816819719671,52.113217152490954
ZWE,2022,II,-4.340367600713847,13937,1999,-4.9449224612306155,51.66170391445494
ZWE,2023,I,-3.910305213762911,19873,2362,-5.036028789161728,49.78403512161654
ZWE,2023,II,-4.212725254581851,23895,3080,-5.090811688311689,51.104412560342475
ZWE,2024,I,-4.554821305872749,22163,2973,-4.9309115371678445,52.59801697484675
ZWE,2024,II,-5.191134738741266,23954,2959,-4.962183169989862,55.3761857048115
